source_id,prefix_len,group_id,label,oof_prob_M1_calib,oof_prob_B3_calib,oof_prob_M1_raw,oof_prob_B3_raw
ronin_bridge_2022,2,ronin_bridge_2022,1,0.04074245661333479,0.15597411114071114,0.018919890746474266,0.37215212250725394
ronin_bridge_2022,3,ronin_bridge_2022,1,0.8792781214419929,0.7019356554205372,0.9979089498519897,0.8455536185337819
ronin_bridge_2022,5,ronin_bridge_2022,1,0.9413561694266795,0.7805316040847813,0.9995571970939636,0.8869783589234466
ronin_bridge_2022,7,ronin_bridge_2022,1,0.974743759247414,0.9436000638196037,0.9999210834503174,0.9681041592394535
ronin_bridge_2022,407,ronin_bridge_2022,1,0.9767768374543372,0.9847178907621018,0.9999333620071411,0.9899567099567099
ronin_bridge_2022,813,ronin_bridge_2022,1,0.9671248080728235,0.9758894362782353,0.9998654127120972,0.985
ronin_bridge_2022,1219,ronin_bridge_2022,1,0.9600828067216127,0.9570668983193492,0.9998000264167786,0.975
ronin_bridge_2022,1625,ronin_bridge_2022,1,0.96294191671721,0.9758894362782353,0.9998282194137573,0.985
ronin_benign_control_2022,2,ronin_bridge_2022,0,0.8403937170373103,0.718061122527146,0.9960495829582214,0.8542796810033916
ronin_benign_control_2022,3,ronin_bridge_2022,0,0.7909793272560185,0.29478786118956324,0.9924633502960205,0.5473622806164844
ronin_benign_control_2022,5,ronin_bridge_2022,0,0.49327142613219954,0.36226867216617836,0.9011837840080261,0.6125250758921905
ronin_benign_control_2022,7,ronin_bridge_2022,0,0.41777385078402374,0.40532695978779465,0.8335047960281372,0.6495601424299758
ronin_benign_control_2022,26,ronin_bridge_2022,0,0.9393795674630364,0.8254827394484733,0.9995254278182983,0.909648507016928
ronin_benign_control_2022,52,ronin_bridge_2022,0,0.9312056197108993,0.7962149158064162,0.9993809461593628,0.894954954954955
ronin_benign_control_2022,78,ronin_bridge_2022,0,0.9222601618747132,0.8563798531875583,0.999197781085968,0.924954954954955
ronin_benign_control_2022,103,ronin_bridge_2022,0,0.9355232787286949,0.9999685489241491,0.9994599223136902,0.999954954954955
qbridge_qubit_2022,2,qbridge_qubit_2022,1,0.19095177188248966,0.3919480032694985,0.3206893801689148,0.6380031781530887
qbridge_qubit_2022,3,qbridge_qubit_2022,1,0.23912613941181432,0.2933185002477241,0.4766082763671875,0.5373810358463689
qbridge_qubit_2022,5,qbridge_qubit_2022,1,0.37331813438789163,0.519316296858286,0.797934353351593,0.7418916548216885
qbridge_qubit_2022,7,qbridge_qubit_2022,1,0.360450165217129,0.5016512762654234,0.7766636610031128,0.7288637062395344
qbridge_qubit_2022,175,qbridge_qubit_2022,1,0.9305737084641871,0.9780175466809236,0.999799907207489,0.9898202758215962
qbridge_qubit_2022,349,qbridge_qubit_2022,1,0.862394807714834,0.977502900206493,0.9988564252853394,0.9895919104369808
qbridge_qubit_2022,524,qbridge_qubit_2022,1,0.8781273312915765,0.9999634747968709,0.9991693496704102,0.9999765258215961
qbridge_qubit_2022,698,qbridge_qubit_2022,1,0.8537058967643804,0.9665014060281494,0.9986532926559448,0.9847368421052631
feg_bridge_2024,2,feg_bridge_2024,1,0.2686913460889577,0.07196844430002684,0.5130041241645813,0.18366162285059218
feg_bridge_2024,3,feg_bridge_2024,1,0.4504618546134719,0.029615004804278085,0.8876623511314392,0.08041666901264319
feg_bridge_2024,5,feg_bridge_2024,1,0.43062077273161503,0.019029207487225083,0.8658677339553833,0.05235778486029659
feg_bridge_2024,7,feg_bridge_2024,1,0.4027366959421848,0.026544347624738028,0.8287429809570312,0.07237145894820624
feg_bridge_2024,9,feg_bridge_2024,1,0.3895276407075187,0.05007731650918949,0.808156430721283,0.1320633521086984
deltaprime_arbitrum_2024,2,deltaprime_arbitrum_2024,1,0.3220579146232879,0.24896658907288077,0.7085913419723511,0.5201575914540291
deltaprime_arbitrum_2024,3,deltaprime_arbitrum_2024,1,0.046160843179644175,0.2148331263982308,0.010739625431597233,0.46868686593627856
deltaprime_arbitrum_2024,5,deltaprime_arbitrum_2024,1,0.5968254657019701,0.7171698761021084,0.9729190468788147,0.9059954004782546
deltaprime_arbitrum_2024,6,deltaprime_arbitrum_2024,1,0.6183898858919648,0.6464590881571673,0.9780288338661194,0.8715309052196258
deltaprime_arbitrum_2024,7,deltaprime_arbitrum_2024,1,0.8223107470853195,0.9541549943330964,0.9981339573860168,0.9892964077282156
deltaprime_arbitrum_2024,12,deltaprime_arbitrum_2024,1,0.7998232240178137,0.9359389902013873,0.9973592162132263,0.9844252836972077
deltaprime_arbitrum_2024,18,deltaprime_arbitrum_2024,1,0.7789477484014717,0.6284556828132133,0.9964467883110046,0.8618676518579091
deltaprime_arbitrum_2024,23,deltaprime_arbitrum_2024,1,0.7811994623338949,0.6284556828132133,0.9965552091598511,0.8618676518579091
bsc_token_hub_2022,2,bsc_token_hub_2022,1,0.2744103590012303,0.146909840652839,0.6617008447647095,0.3447888699263409
bsc_token_hub_2022,3,bsc_token_hub_2022,1,0.6858021648687952,0.3339662914124501,0.9931984543800354,0.6131873757804742
bsc_token_hub_2022,5,bsc_token_hub_2022,1,0.7321632953636562,0.6258294786812995,0.99607914686203,0.8460214482795057
bsc_token_hub_2022,7,bsc_token_hub_2022,1,0.8251698726579061,0.6900223407274791,0.9989742040634155,0.8806589789934214
bsc_token_hub_2022,91,bsc_token_hub_2022,1,0.9131048625422602,0.8343645056306169,0.99985671043396,0.9448687824229478
bsc_token_hub_2022,181,bsc_token_hub_2022,1,0.8771605811840358,0.7736675487979057,0.9996293783187866,0.9199190545572286
bsc_token_hub_2022,272,bsc_token_hub_2022,1,0.8420475215606512,0.6502429512476712,0.9992395639419556,0.8597044334975371
bsc_token_hub_2022,362,bsc_token_hub_2022,1,0.8168336671258188,0.5745109207923432,0.9988207221031189,0.815
qbridge_benign_control_2022,1,qbridge_qubit_2022,0,0.002415611280026436,1.637952455819221e-07,1.291631178901298e-05,0.0
feg_benign_control_2024,1,feg_bridge_2024,0,0.3404510949804263,4.05149524997287e-07,0.7121321558952332,0.0
deltaprime_benign_control_2024,1,deltaprime_arbitrum_2024,0,0.003277821134566357,7.959823845977781e-07,1.8570599422673695e-05,0.0
bsc_token_hub_benign_control_2022,1,bsc_token_hub_2022,0,0.005740791403016255,0.0018083564244724243,6.647583359153941e-05,0.004766154260150022
chibi_finance_2023,2,chibi_finance_2023,1,0.3747459107619535,0.46332847500415075,0.8349831104278564,0.7298310869982112
chibi_finance_2023,3,chibi_finance_2023,1,0.3419165727511891,0.6210029544006539,0.782076358795166,0.8358833592058246
chibi_finance_2023,5,chibi_finance_2023,1,0.8314520320178954,0.7527782020757575,0.9987590312957764,0.9038883249179193
chibi_finance_2023,7,chibi_finance_2023,1,0.7578776666648422,0.22581651592192228,0.9963035583496094,0.4799672984425286
chibi_finance_2023,10,chibi_finance_2023,1,0.3620153156463421,0.1905626532485001,0.8160439133644104,0.4274567782750077
chibi_finance_2023,20,chibi_finance_2023,1,0.5034707427768235,0.2446920134736194,0.9471428990364075,0.5059257516349789
chibi_finance_2023,30,chibi_finance_2023,1,0.803752457123316,0.7880824778409301,0.9980601668357849,0.9197572279849922
chibi_finance_2023,40,chibi_finance_2023,1,0.8833407990216864,0.785392762992623,0.999556839466095,0.9185784440333132
wooppv2_2024,2,wooppv2_2024,1,0.011243541286361514,0.10107081413572656,0.000660004501696676,0.2488362519779632
wooppv2_2024,3,wooppv2_2024,1,0.006546338607013334,0.06937644067709246,0.00018279660434927791,0.18705883852882635
wooppv2_2024,4,wooppv2_2024,1,0.005613130426504632,0.06094166771191705,0.00012700124352704734,0.16907563845222667
wooppv2_2024,5,wooppv2_2024,1,0.003998202591023906,0.025470262129898384,5.6931905419332907e-05,0.08327037524477053
wooppv2_2024,7,wooppv2_2024,1,0.009279815630722532,0.02342990643947591,0.00041820958722382784,0.07765663607536251
wooppv2_2024,8,wooppv2_2024,1,0.019168121859195447,0.028703183629847365,0.0023570959456264973,0.09197093245395316
wooppv2_2024,12,wooppv2_2024,1,0.053374204364534404,0.04845430634827582,0.027818722650408745,0.14097126398035326
wooppv2_2024,16,wooppv2_2024,1,0.06687185816859696,0.03890859377828264,0.04790975898504257,0.1180875091809358
utopiasphere_2024,2,utopiasphere_2024,1,0.0846031819518505,0.27155615718476006,0.06721855700016022,0.5452210630835753
utopiasphere_2024,3,utopiasphere_2024,1,0.07786126843574445,0.2376372530246882,0.05597136914730072,0.5022023835993313
utopiasphere_2024,5,utopiasphere_2024,1,0.11266934044467061,0.21235585738828275,0.12514294683933258,0.4672632978089312
utopiasphere_2024,7,utopiasphere_2024,1,0.031581623206102284,0.15612156492198678,0.0075486162677407265,0.37887440892004226
utopiasphere_2024,10,utopiasphere_2024,1,0.8616087548656006,0.7902550960900999,0.9984338879585266,0.9177602808956102
utopiasphere_2024,19,utopiasphere_2024,1,0.3432433254077791,0.887517508824731,0.7520418167114258,0.9579191440918566
utopiasphere_2024,28,utopiasphere_2024,1,0.5752302338577693,0.9695649250871515,0.9594841599464417,0.98869504987853
utopiasphere_2024,37,utopiasphere_2024,1,0.39736390398661736,0.5609813385241081,0.8335795998573303,0.7972905353377768
xkingdom_2024,2,xkingdom_2024,1,0.3978610944068631,0.498843891517555,0.8720833659172058,0.7720406078054076
xkingdom_2024,3,xkingdom_2024,1,0.1820063895987727,0.21954898263222314,0.33066049218177795,0.46830740927857867
xkingdom_2024,5,xkingdom_2024,1,0.7004316756989728,0.8940353860154587,0.9930839538574219,0.9706235850322018
xkingdom_2024,7,xkingdom_2024,1,0.8365234691381931,0.8059008595587419,0.9989476799964905,0.9394627473930623
xkingdom_2024,19,xkingdom_2024,1,0.77268947546115,0.6721783389916226,0.9971832633018494,0.8797530422333572
xkingdom_2024,37,xkingdom_2024,1,0.7037505128258831,0.7923630861414532,0.993341863155365,0.9341425230255266
xkingdom_2024,55,xkingdom_2024,1,0.6881921611344852,0.7674266951478252,0.9920601844787598,0.9239438460069368
xkingdom_2024,73,xkingdom_2024,1,0.62597021977134,0.766331397004807,0.9846414923667908,0.923483717584307
wault_finance_2021,2,wault_finance_2021,1,0.5695646371734094,0.42938578969655333,0.9705411195755005,0.6994986098096304
wault_finance_2021,3,wault_finance_2021,1,0.07130781134210468,0.16160567522499306,0.04022529348731041,0.37067627193120173
wault_finance_2021,5,wault_finance_2021,1,0.08379741776417307,0.10962479694832117,0.0593835785984993,0.2725743103352611
wault_finance_2021,7,wault_finance_2021,1,0.6038581962749455,0.5987275419352134,0.9786729216575623,0.8228234561412373
wault_finance_2021,48,wault_finance_2021,1,0.8340148272380941,0.8952628386779653,0.99866783618927,0.9643188726389456
wault_finance_2021,95,wault_finance_2021,1,0.818789985884377,0.8417937795410031,0.9982923865318298,0.9436677350140843
wault_finance_2021,143,wault_finance_2021,1,0.6907794619149931,0.8543972212599926,0.9911749362945557,0.9486933760397253
wault_finance_2021,190,wault_finance_2021,1,0.6423774193347221,0.6700403055593579,0.9853794574737549,0.8637238638446033
paraluni_2022,2,paraluni_2022,1,0.03309406416263575,0.010193798973286304,0.006066865753382444,0.029128656176275226
paraluni_2022,3,paraluni_2022,1,0.020853769268073186,0.006981084684981235,0.0020251888781785965,0.02
paraluni_2022,5,paraluni_2022,1,0.06291352969485509,0.03610846954850917,0.028336182236671448,0.09945945945945946
paraluni_2022,7,paraluni_2022,1,0.05090508627991376,0.05757760174927937,0.01702195592224598,0.15321719259059413
paraluni_2022,128,paraluni_2022,1,0.710777941800723,0.9401801221809495,0.9920163154602051,0.98
paraluni_2022,256,paraluni_2022,1,0.8902290446867184,0.5713307922051756,0.9994966983795166,0.8024278846153845
paraluni_2022,384,paraluni_2022,1,0.8894457893467902,0.6230351001717744,0.9994872808456421,0.8346153846153845
paraluni_2022,511,paraluni_2022,1,0.8979104748052392,0.6408274084596858,0.9995830655097961,0.845
radiant_capital_arbitrum_2024,2,radiant_capital_arbitrum_2024,1,0.8372705152471609,0.5323558198093166,0.9983646273612976,0.771625918150677
radiant_capital_arbitrum_2024,3,radiant_capital_arbitrum_2024,1,0.7705129262821395,0.5220112773463632,0.9955877065658569,0.7644263442230804
radiant_capital_arbitrum_2024,5,radiant_capital_arbitrum_2024,1,0.7253466710224932,0.44432321595816476,0.992302656173706,0.705483655324321
radiant_capital_arbitrum_2024,7,radiant_capital_arbitrum_2024,1,0.8090209883224408,0.3491983790235207,0.9974291920661926,0.6189494572930245
radiant_capital_arbitrum_2024,62,radiant_capital_arbitrum_2024,1,0.8825796791672409,0.8402903605096684,0.9993236064910889,0.9375037785067596
radiant_capital_arbitrum_2024,124,radiant_capital_arbitrum_2024,1,0.9080062618729939,0.9728408580289033,0.9996415376663208,0.9898076923076923
radiant_capital_arbitrum_2024,186,radiant_capital_arbitrum_2024,1,0.9074135757974964,0.9732713559588612,0.9996355772018433,0.9899677419354839
radiant_capital_arbitrum_2024,248,radiant_capital_arbitrum_2024,1,0.8836583372933537,0.9598606970788136,0.9993398785591125,0.9849677419354839
magic_abracadabra_arbitrum_2025,2,magic_abracadabra_arbitrum_2025,1,0.2225913591323552,0.15723986004684765,0.4456343352794647,0.37079532922351666
magic_abracadabra_arbitrum_2025,3,magic_abracadabra_arbitrum_2025,1,0.06658539116075195,0.09096694110051665,0.028718899935483932,0.24453651781854469
magic_abracadabra_arbitrum_2025,5,magic_abracadabra_arbitrum_2025,1,0.12872013712100636,0.4077296267639126,0.14296792447566986,0.6741106746283337
magic_abracadabra_arbitrum_2025,7,magic_abracadabra_arbitrum_2025,1,0.3798389778080838,0.4451601481023933,0.8304433226585388,0.7055974511735036
magic_abracadabra_arbitrum_2025,22,magic_abracadabra_arbitrum_2025,1,0.5136413228279113,0.40413517037829316,0.9470260143280029,0.6709535089703468
magic_abracadabra_arbitrum_2025,44,magic_abracadabra_arbitrum_2025,1,0.9133987126925828,0.9200250426563518,0.9997642636299133,0.9687876584732215
magic_abracadabra_arbitrum_2025,66,magic_abracadabra_arbitrum_2025,1,0.8907922970943716,0.9072026729166025,0.9995658993721008,0.9636913032155757
magic_abracadabra_arbitrum_2025,88,magic_abracadabra_arbitrum_2025,1,0.8567722796997372,0.9185652943265576,0.9990932941436768,0.9682103360539551
hackerdao_2022,2,hackerdao_2022,1,0.040855056177164534,0.11688849717642022,0.006296119652688503,0.28921095020353327
hackerdao_2022,3,hackerdao_2022,1,0.04250016003769435,0.1136088256271757,0.006952151656150818,0.28270679614503136
hackerdao_2022,5,hackerdao_2022,1,0.32402477686316383,0.927172889291188,0.6903495192527771,0.9739894424019053
hackerdao_2022,7,hackerdao_2022,1,0.2746662543095204,0.9420766583147007,0.5574346780776978,0.9794764171918213
hackerdao_2022,9,hackerdao_2022,1,0.25656067693213425,0.8890605246052209,0.5014668703079224,0.9594764171918213
hackerdao_2022,18,hackerdao_2022,1,0.17758505106369452,0.3449233636295706,0.24419459700584412,0.6149638989169675
hackerdao_2022,27,hackerdao_2022,1,0.40457196038876214,0.18202902861620462,0.8384594321250916,0.405
hackerdao_2022,35,hackerdao_2022,1,0.4480936142595331,0.1881759361576049,0.8887597918510437,0.4147619047619047
new_free_dao_2022,2,new_free_dao_2022,1,0.32818431077685956,0.38011509893598316,0.6898906826972961,0.6504488647918464
new_free_dao_2022,3,new_free_dao_2022,1,0.3772744095714962,0.3113129202801053,0.7935270071029663,0.5775578665403865
new_free_dao_2022,5,new_free_dao_2022,1,0.2725718289932888,0.13302314075006685,0.5314832925796509,0.3144196678015667
new_free_dao_2022,6,new_free_dao_2022,1,0.2896938433145258,0.12638246403301598,0.5845082998275757,0.30174122261948133
new_free_dao_2022,7,new_free_dao_2022,1,0.2620556839657755,0.07645721616882718,0.49743226170539856,0.19729811659677085
new_free_dao_2022,9,new_free_dao_2022,1,0.2620556839657755,0.07696091536796446,0.49743226170539856,0.19843921508161932
new_free_dao_2022,12,new_free_dao_2022,1,0.7397040941660247,0.18489108935684626,0.9948898553848267,0.4050815195986023
ronin_bridge_2022__hn000,1,ronin_bridge_2022,0,0.0008538093361832223,4.5497228511283665e-08,8.899241038307082e-06,0.0
ronin_bridge_2022__hn001,1,ronin_bridge_2022,0,0.0008089449907157393,4.5497228511283665e-08,8.002350114111323e-06,0.0
ronin_bridge_2022__hn002,1,ronin_bridge_2022,0,0.0008538093361832223,4.5497228511283665e-08,8.899241038307082e-06,0.0
ronin_bridge_2022__hn003,1,ronin_bridge_2022,0,0.002233099416161536,4.5497228511283665e-08,5.910158506594598e-05,0.0
ronin_bridge_2022__hn003,2,ronin_bridge_2022,0,0.006173741059643001,0.0037754448024854546,0.00043982488568872213,0.019486631137001446
ronin_bridge_2022__hn003,3,ronin_bridge_2022,0,0.0027500026881150733,5.0769508711802054e-05,8.909341704566032e-05,0.0004591836734693878
ronin_bridge_2022__hn003,4,ronin_bridge_2022,0,0.003001159822738275,4.890755772351922e-05,0.00010585034033283591,0.00044444444444444447
ronin_bridge_2022__hn004,1,ronin_bridge_2022,0,0.0008538093361832223,4.5497228511283665e-08,8.899241038307082e-06,0.0
ronin_bridge_2022__hn005,1,ronin_bridge_2022,0,0.0008538093361832223,4.5497228511283665e-08,8.899241038307082e-06,0.0
ronin_bridge_2022__hn006,1,ronin_bridge_2022,0,0.0008538093361832223,4.5497228511283665e-08,8.899241038307082e-06,0.0
ronin_bridge_2022__hn007,1,ronin_bridge_2022,0,0.0021128506989007007,4.5497228511283665e-08,5.299400436342694e-05,0.0
ronin_bridge_2022__hn007,2,ronin_bridge_2022,0,0.001595282457294562,0.008879598827826464,3.0466644602711312e-05,0.04043478260869565
ronin_bridge_2022__hn007,3,ronin_bridge_2022,0,0.0009483788025433233,0.013866178303414668,1.0943203960778192e-05,0.058797571404374055
ronin_bridge_2022__hn007,4,ronin_bridge_2022,0,0.002748367268301159,0.02207246288541728,8.898897795006633e-05,0.08629973414114446
ronin_bridge_2022__hn008,1,ronin_bridge_2022,0,0.0008538093361832223,4.5497228511283665e-08,8.899241038307082e-06,0.0
ronin_bridge_2022__hn009,1,ronin_bridge_2022,0,0.0008538093361832223,4.5497228511283665e-08,8.899241038307082e-06,0.0
ronin_bridge_2022__hn010,1,ronin_bridge_2022,0,0.0008873772892660263,4.5497228511283665e-08,9.60095439950237e-06,0.0
ronin_bridge_2022__hn010,2,ronin_bridge_2022,0,0.0029598899820934515,0.00796076171661905,0.00010299893619958311,0.03686198865877045
ronin_bridge_2022__hn011,1,ronin_bridge_2022,0,0.0008089449907157393,4.5497228511283665e-08,8.002350114111323e-06,0.0
ronin_bridge_2022__hn012,2,ronin_bridge_2022,0,0.9736706539774815,0.905562437809762,0.9999141693115234,0.9491480313615298
ronin_bridge_2022__hn012,3,ronin_bridge_2022,0,0.96919962011788,0.9093916751293069,0.9998821020126343,0.9510370670926782
ronin_bridge_2022__hn012,5,ronin_bridge_2022,0,0.9049342330556531,0.8603590869700084,0.9987636804580688,0.9269157656491787
ronin_bridge_2022__hn012,7,ronin_bridge_2022,0,0.9520129242625087,0.780747909809172,0.9997079968452454,0.8870889253519436
ronin_bridge_2022__hn012,14,ronin_bridge_2022,0,0.7604856930062277,0.7063283037537292,0.9893901944160461,0.8479436650566832
ronin_bridge_2022__hn012,28,ronin_bridge_2022,0,0.6575045641850765,0.6499664936173528,0.9719655513763428,0.8164622149342148
ronin_bridge_2022__hn012,42,ronin_bridge_2022,0,0.5747314741062685,0.6366819210542628,0.9456093907356262,0.8087614922334921
ronin_bridge_2022__hn012,55,ronin_bridge_2022,0,0.6555099673073453,0.5919042252685224,0.9714877009391785,0.7818972342952907
ronin_bridge_2022__hn013,1,ronin_bridge_2022,0,0.0008873772892660263,4.5497228511283665e-08,9.60095439950237e-06,0.0
ronin_bridge_2022__hn013,2,ronin_bridge_2022,0,0.002905629531606978,0.007186144669941572,9.930857049766928e-05,0.03379314038156353
ronin_bridge_2022__hn014,1,ronin_bridge_2022,0,0.0008089449907157393,4.5497228511283665e-08,8.002350114111323e-06,0.0
ronin_bridge_2022__hn016,1,ronin_bridge_2022,0,0.0008538093361832223,4.5497228511283665e-08,8.899241038307082e-06,0.0
ronin_bridge_2022__hn017,1,ronin_bridge_2022,0,0.004748752899110283,0.00019037250834853857,0.0002618296130094677,0.0014554924242424242
ronin_bridge_2022__hn018,1,ronin_bridge_2022,0,0.0008538093361832223,4.5497228511283665e-08,8.899241038307082e-06,0.0
ronin_bridge_2022__hn019,1,ronin_bridge_2022,0,0.0008538093361832223,4.5497228511283665e-08,8.899241038307082e-06,0.0
ronin_bridge_2022__hn020,1,ronin_bridge_2022,0,0.0008525509023056063,4.5497228511283665e-08,8.873444130585995e-06,0.0
ronin_bridge_2022__hn021,1,ronin_bridge_2022,0,0.0009728951161834549,4.5497228511283665e-08,1.1506990631460212e-05,0.0
ronin_bridge_2022__hn021,2,ronin_bridge_2022,0,0.005976875658685671,0.011596618236809608,0.00041252115624956787,0.05063267754309583
ronin_bridge_2022__hn021,3,ronin_bridge_2022,0,0.0013100182396902113,0.006285819145490279,2.0669713194365613e-05,0.030153389199005162
ronin_bridge_2022__hn022,1,ronin_bridge_2022,0,0.0008538093361832223,4.5497228511283665e-08,8.899241038307082e-06,0.0
ronin_bridge_2022__hn024,1,ronin_bridge_2022,0,0.0008538093361832223,4.5497228511283665e-08,8.899241038307082e-06,0.0
ronin_bridge_2022__hn025,1,ronin_bridge_2022,0,0.0008538093361832223,4.5497228511283665e-08,8.899241038307082e-06,0.0
ronin_bridge_2022__hn026,1,ronin_bridge_2022,0,0.0008873772892660263,4.5497228511283665e-08,9.60095439950237e-06,0.0
ronin_bridge_2022__hn026,2,ronin_bridge_2022,0,0.0030642589855777386,0.008306192008388561,0.00011028437438653782,0.03821336503919588
ronin_bridge_2022__hn027,1,ronin_bridge_2022,0,0.0012661899296661117,3.898208531607769e-05,1.9330198483658023e-05,0.00036458333333333335
ronin_bridge_2022__hn028,1,ronin_bridge_2022,0,0.0008538093361832223,4.5497228511283665e-08,8.899241038307082e-06,0.0
ronin_bridge_2022__hn030,1,ronin_bridge_2022,0,0.0008538093361832223,4.5497228511283665e-08,8.899241038307082e-06,0.0
ronin_bridge_2022__hn031,1,ronin_bridge_2022,0,0.0008538093361832223,4.5497228511283665e-08,8.899241038307082e-06,0.0
ronin_bridge_2022__hn032,1,ronin_bridge_2022,0,0.0008538093361832223,4.5497228511283665e-08,8.899241038307082e-06,0.0
ronin_bridge_2022__hn033,1,ronin_bridge_2022,0,0.001026843340668728,4.5497228511283665e-08,1.2796684131899383e-05,0.0
ronin_bridge_2022__hn033,2,ronin_bridge_2022,0,0.0016106796666033123,0.003638483616768854,3.104851202806458e-05,0.01887715047046986
ronin_bridge_2022__hn033,3,ronin_bridge_2022,0,0.0012242346571115462,0.00651513351260172,1.808937122405041e-05,0.031088379424047276
ronin_bridge_2022__hn034,1,ronin_bridge_2022,0,0.0008873772892660263,4.5497228511283665e-08,9.60095439950237e-06,0.0
ronin_bridge_2022__hn034,2,ronin_bridge_2022,0,0.002267689371122777,0.012218513415254387,6.091932664276101e-05,0.052899214056184786
ronin_bridge_2022__hn035,1,ronin_bridge_2022,0,0.0008538093361832223,4.5497228511283665e-08,8.899241038307082e-06,0.0
ronin_bridge_2022__hn037,1,ronin_bridge_2022,0,0.0008538093361832223,4.5497228511283665e-08,8.899241038307082e-06,0.0
ronin_bridge_2022__hn038,1,ronin_bridge_2022,0,0.0012661899296661117,3.898208531607769e-05,1.9330198483658023e-05,0.00036458333333333335
ronin_bridge_2022__hn039,1,ronin_bridge_2022,0,0.0012661899296661117,3.898208531607769e-05,1.9330198483658023e-05,0.00036458333333333335
ronin_bridge_2022__hn040,1,ronin_bridge_2022,0,0.0008538093361832223,4.5497228511283665e-08,8.899241038307082e-06,0.0
ronin_bridge_2022__hn041,1,ronin_bridge_2022,0,0.001026843340668728,4.5497228511283665e-08,1.2796684131899383e-05,0.0
ronin_bridge_2022__hn041,2,ronin_bridge_2022,0,0.004838507474493178,0.014280256165494049,0.00027169546228833497,0.06025702872401669
ronin_bridge_2022__hn041,3,ronin_bridge_2022,0,0.005341439161423516,0.0011298371373929296,0.00033032524515874684,0.006864375104114609
ronin_bridge_2022__hn042,1,ronin_bridge_2022,0,0.0008538093361832223,4.5497228511283665e-08,8.899241038307082e-06,0.0
ronin_bridge_2022__hn043,1,ronin_bridge_2022,0,0.0008538093361832223,4.5497228511283665e-08,8.899241038307082e-06,0.0
ronin_bridge_2022__hn044,1,ronin_bridge_2022,0,0.0008873772892660263,4.5497228511283665e-08,9.60095439950237e-06,0.0
ronin_bridge_2022__hn044,2,ronin_bridge_2022,0,0.005497796770900058,0.0031605748694911963,0.00034971002605743706,0.016721979939057222
ronin_bridge_2022__hn045,1,ronin_bridge_2022,0,0.0008538093361832223,4.5497228511283665e-08,8.899241038307082e-06,0.0
ronin_bridge_2022__hn046,1,ronin_bridge_2022,0,0.0008538093361832223,4.5497228511283665e-08,8.899241038307082e-06,0.0
ronin_bridge_2022__hn047,1,ronin_bridge_2022,0,0.004228977283228299,0.00019037250834853857,0.00020825545652769506,0.0014554924242424242
ronin_bridge_2022__hn048,1,ronin_bridge_2022,0,0.0008089449907157393,4.5497228511283665e-08,8.002350114111323e-06,0.0
ronin_bridge_2022__hn049,1,ronin_bridge_2022,0,0.001026843340668728,4.5497228511283665e-08,1.2796684131899383e-05,0.0
ronin_bridge_2022__hn049,2,ronin_bridge_2022,0,0.0032569591449868743,0.006164448328955083,0.00012438217527233064,0.029656211720021145
ronin_bridge_2022__hn049,3,ronin_bridge_2022,0,0.00205074533224936,0.0002611658123689736,4.996839561499655e-05,0.001917701863354037
ronin_bridge_2022__hn050,1,ronin_bridge_2022,0,0.004748752899110283,0.00019037250834853857,0.0002618296130094677,0.0014554924242424242
ronin_bridge_2022__hn051,1,ronin_bridge_2022,0,0.0008873772892660263,4.5497228511283665e-08,9.60095439950237e-06,0.0
ronin_bridge_2022__hn051,2,ronin_bridge_2022,0,0.0028472976265920174,0.007217221102274452,9.541555482428521e-05,0.033917328198486876
ronin_bridge_2022__hn052,1,ronin_bridge_2022,0,0.0008538093361832223,4.5497228511283665e-08,8.899241038307082e-06,0.0
ronin_bridge_2022__hn054,1,ronin_bridge_2022,0,0.0008538093361832223,4.5497228511283665e-08,8.899241038307082e-06,0.0
ronin_bridge_2022__hn055,1,ronin_bridge_2022,0,0.0008873772892660263,4.5497228511283665e-08,9.60095439950237e-06,0.0
ronin_bridge_2022__hn055,2,ronin_bridge_2022,0,0.0030642589855777386,0.0010875658036593662,0.00011028437438653782,0.0066407467694427225
ronin_bridge_2022__hn056,1,ronin_bridge_2022,0,0.00920492288614748,0.0009678767103914145,0.0009700245573185384,0.0060009469696969695
ronin_bridge_2022__hn056,2,ronin_bridge_2022,0,0.008754671960226642,0.09045492618468258,0.0008782226941548288,0.2565018879842267
ronin_bridge_2022__hn057,1,ronin_bridge_2022,0,0.005274626875437343,0.00019037250834853857,0.00032220943830907345,0.0014554924242424242
ronin_bridge_2022__hn058,1,ronin_bridge_2022,0,0.0008538093361832223,4.5497228511283665e-08,8.899241038307082e-06,0.0
ronin_bridge_2022__hn059,1,ronin_bridge_2022,0,0.0008538093361832223,4.5497228511283665e-08,8.899241038307082e-06,0.0
ronin_bridge_2022__hn060,1,ronin_bridge_2022,0,0.0008538093361832223,4.5497228511283665e-08,8.899241038307082e-06,0.0
ronin_bridge_2022__hn061,1,ronin_bridge_2022,0,0.0008597727107356651,4.5497228511283665e-08,9.021985533763655e-06,0.0
ronin_bridge_2022__hn062,1,ronin_bridge_2022,0,0.0391300955017591,0.004364307689229069,0.017444266006350517,0.022069944555624627
ronin_bridge_2022__hn062,2,ronin_bridge_2022,0,0.0428003997343847,0.08940172721338638,0.020891163498163223,0.2543639445702513
ronin_bridge_2022__hn062,3,ronin_bridge_2022,0,0.012227968631769283,0.0022447328662313485,0.001704528578557074,0.012445637695637697
ronin_bridge_2022__hn062,4,ronin_bridge_2022,0,0.0048072631465413684,0.020366740813757483,0.0002682405465748161,0.0808054226475279
ronin_bridge_2022__hn063,1,ronin_bridge_2022,0,0.0008089449907157393,4.5497228511283665e-08,8.002350114111323e-06,0.0
ronin_bridge_2022__hn064,1,ronin_bridge_2022,0,0.0008538093361832223,4.5497228511283665e-08,8.899241038307082e-06,0.0
ronin_bridge_2022__hn065,1,ronin_bridge_2022,0,0.0008538093361832223,4.5497228511283665e-08,8.899241038307082e-06,0.0
ronin_bridge_2022__hn066,1,ronin_bridge_2022,0,0.0008935749072749116,4.5497228511283665e-08,9.73337773757521e-06,0.0
ronin_bridge_2022__hn066,2,ronin_bridge_2022,0,0.0018337682393902805,0.002115126920969129,4.0087463275995106e-05,0.01182171816265668
ronin_bridge_2022__hn067,1,ronin_bridge_2022,0,0.0008538093361832223,4.5497228511283665e-08,8.899241038307082e-06,0.0
ronin_bridge_2022__hn068,1,ronin_bridge_2022,0,0.0010253301328202989,4.5497228511283665e-08,1.2759590390487574e-05,0.0
ronin_bridge_2022__hn068,2,ronin_bridge_2022,0,0.0021946167874994558,0.003681285256199518,5.71112432226073e-05,0.019067990165126347
ronin_bridge_2022__hn068,3,ronin_bridge_2022,0,0.007716589307705579,0.0176324644036747,0.0006839193520136178,0.07176973979375632
ronin_bridge_2022__hn069,1,ronin_bridge_2022,0,0.001343963709185086,0.00024537744339094496,2.173755638068542e-05,0.00181619623655914
deltaprime_arbitrum_2024__hn000,1,deltaprime_arbitrum_2024,0,0.01581401083767471,0.009406032451186312,0.000795847037807107,0.023320866325514618
deltaprime_arbitrum_2024__hn000,2,deltaprime_arbitrum_2024,0,0.02816226515359437,0.20017352217731613,0.003210547147318721,0.44492810148028916
deltaprime_arbitrum_2024__hn000,3,deltaprime_arbitrum_2024,0,0.01567435827986899,0.12404254054582295,0.0007790472009219229,0.3030597262224193
deltaprime_arbitrum_2024__hn000,4,deltaprime_arbitrum_2024,0,0.008946935075480592,0.009569435908607017,0.00020316218433436006,0.02375
deltaprime_arbitrum_2024__hn001,1,deltaprime_arbitrum_2024,0,0.002867074864366202,7.959823845977781e-07,1.350946149614174e-05,0.0
deltaprime_arbitrum_2024__hn002,1,deltaprime_arbitrum_2024,0,0.01080847786385961,0.002326579459800411,0.00031931832199916244,0.00525824012041587
deltaprime_arbitrum_2024__hn003,1,deltaprime_arbitrum_2024,0,0.0035562254347916954,7.959823845977781e-07,2.2542113583767787e-05,0.0
deltaprime_arbitrum_2024__hn004,1,deltaprime_arbitrum_2024,0,0.003277821134566357,7.959823845977781e-07,1.8570599422673695e-05,0.0
deltaprime_arbitrum_2024__hn005,1,deltaprime_arbitrum_2024,0,0.003277821134566357,7.959823845977781e-07,1.8570599422673695e-05,0.0
deltaprime_arbitrum_2024__hn006,1,deltaprime_arbitrum_2024,0,0.006304012442132463,0.002326579459800411,8.808106940705329e-05,0.00525824012041587
deltaprime_arbitrum_2024__hn007,2,deltaprime_arbitrum_2024,0,0.03838312123400103,0.11390597204029482,0.006831006612628698,0.28157147357846474
deltaprime_arbitrum_2024__hn007,3,deltaprime_arbitrum_2024,0,0.06765518455220146,0.1281859956262099,0.027565201744437218,0.31165551799429964
deltaprime_arbitrum_2024__hn007,5,deltaprime_arbitrum_2024,0,0.021515030545826017,0.06828995144047183,0.0016718696570023894,0.17653179036885228
deltaprime_arbitrum_2024__hn007,7,deltaprime_arbitrum_2024,0,0.012789219666866643,0.031809021526252736,0.00047793082194402814,0.0830380038205176
deltaprime_arbitrum_2024__hn007,23,deltaprime_arbitrum_2024,0,0.008306203956645828,0.003949174019287671,0.0001701103465165943,0.00926031003644217
deltaprime_arbitrum_2024__hn007,46,deltaprime_arbitrum_2024,0,0.004557361062338807,0.001397342519026004,4.066796464030631e-05,0.0030449985448741373
deltaprime_arbitrum_2024__hn007,69,deltaprime_arbitrum_2024,0,0.015371139602407166,0.0006206665066233079,0.0007432961720041931,0.0012749522514042746
deltaprime_arbitrum_2024__hn007,91,deltaprime_arbitrum_2024,0,0.004251056840286481,0.0008966204193596093,3.44624713761732e-05,0.0018919735280000195
deltaprime_arbitrum_2024__hn008,2,deltaprime_arbitrum_2024,0,0.011334902004415334,0.027196448276599037,0.00035783983184956014,0.07075707979090044
deltaprime_arbitrum_2024__hn008,3,deltaprime_arbitrum_2024,0,0.011908869485698264,0.022121380436394666,0.00040280495886690915,0.05718830258916851
deltaprime_arbitrum_2024__hn008,5,deltaprime_arbitrum_2024,0,0.00577558195002417,0.006148824391463375,7.149219891289249e-05,0.014849144252219173
deltaprime_arbitrum_2024__hn008,7,deltaprime_arbitrum_2024,0,0.009880453090035792,0.010397277412763847,0.0002575799881014973,0.02592868970676463
deltaprime_arbitrum_2024__hn008,31,deltaprime_arbitrum_2024,0,0.019614317911419064,0.006939641685962018,0.0013371469685807824,0.016888931356777374
deltaprime_arbitrum_2024__hn008,61,deltaprime_arbitrum_2024,0,0.013300402678727053,0.001850291976517012,0.0005250550457276404,0.004114195750222241
deltaprime_arbitrum_2024__hn008,91,deltaprime_arbitrum_2024,0,0.015105806050954546,0.00389081339288042,0.0007128215511329472,0.009114195750222242
deltaprime_arbitrum_2024__hn008,121,deltaprime_arbitrum_2024,0,0.01467525039392136,0.004083876644385759,0.0006649626302532852,0.009598066717964177
deltaprime_arbitrum_2024__hn009,1,deltaprime_arbitrum_2024,0,0.003277821134566357,7.959823845977781e-07,1.8570599422673695e-05,0.0
deltaprime_arbitrum_2024__hn010,1,deltaprime_arbitrum_2024,0,0.003277821134566357,7.959823845977781e-07,1.8570599422673695e-05,0.0
deltaprime_arbitrum_2024__hn011,1,deltaprime_arbitrum_2024,0,0.0035562254347916954,7.959823845977781e-07,2.2542113583767787e-05,0.0
deltaprime_arbitrum_2024__hn012,1,deltaprime_arbitrum_2024,0,0.012378545901699279,0.0029274276770361,0.0004419460310600698,0.006723961160604995
deltaprime_arbitrum_2024__hn012,2,deltaprime_arbitrum_2024,0,0.0060542793685532505,0.04533330415116333,7.998992805369198e-05,0.11855604692195586
deltaprime_arbitrum_2024__hn012,3,deltaprime_arbitrum_2024,0,0.014195149399996783,0.03478411214411908,0.000613892450928688,0.09092095154002568
deltaprime_arbitrum_2024__hn013,1,deltaprime_arbitrum_2024,0,0.0035562254347916954,7.959823845977781e-07,2.2542113583767787e-05,0.0
deltaprime_arbitrum_2024__hn014,1,deltaprime_arbitrum_2024,0,0.0066830603721667785,0.002326579459800411,0.00010123974061571062,0.00525824012041587
deltaprime_arbitrum_2024__hn015,1,deltaprime_arbitrum_2024,0,0.003665906011391626,0.00048487544963875213,2.4230541384895332e-05,0.0009781468531468531
deltaprime_arbitrum_2024__hn015,2,deltaprime_arbitrum_2024,0,0.008488530509761508,0.013838165662580669,0.00017916715296451002,0.03504759729430959
deltaprime_arbitrum_2024__hn016,2,deltaprime_arbitrum_2024,0,0.16535272174881005,0.2618027397801967,0.2343989610671997,0.538219532661039
deltaprime_arbitrum_2024__hn016,3,deltaprime_arbitrum_2024,0,0.38166083673010043,0.20324929075820114,0.8188977241516113,0.4499998883896847
deltaprime_arbitrum_2024__hn016,5,deltaprime_arbitrum_2024,0,0.19859209033275582,0.15360375462346096,0.3422328531742096,0.3620800599717572
deltaprime_arbitrum_2024__hn016,7,deltaprime_arbitrum_2024,0,0.4190605228427116,0.18965193427327307,0.8674052953720093,0.42721912702323583
deltaprime_arbitrum_2024__hn016,42,deltaprime_arbitrum_2024,0,0.16377929839131053,0.10666236984789004,0.2295680195093155,0.2658100543243389
deltaprime_arbitrum_2024__hn016,84,deltaprime_arbitrum_2024,0,0.10359933320781732,0.08867536492553067,0.07867249846458435,0.22517934532042416
deltaprime_arbitrum_2024__hn016,126,deltaprime_arbitrum_2024,0,0.09420377089207735,0.08031284220335817,0.06235789880156517,0.2055567038109902
deltaprime_arbitrum_2024__hn016,168,deltaprime_arbitrum_2024,0,0.16875993620681135,0.09780041403119702,0.2449703812599182,0.24605968720076604
deltaprime_arbitrum_2024__hn017,1,deltaprime_arbitrum_2024,0,0.003731485331483749,0.0002814227392335402,2.5274061044910923e-05,0.0005454545454545455
deltaprime_arbitrum_2024__hn017,2,deltaprime_arbitrum_2024,0,0.007822076824412641,0.021281161051960325,0.0001473824231652543,0.0549390687407362
deltaprime_arbitrum_2024__hn017,3,deltaprime_arbitrum_2024,0,0.004625860792083501,0.03562278298331462,4.213797365082428e-05,0.0931368185706533
deltaprime_arbitrum_2024__hn018,1,deltaprime_arbitrum_2024,0,0.0035562254347916954,7.959823845977781e-07,2.2542113583767787e-05,0.0
deltaprime_arbitrum_2024__hn019,1,deltaprime_arbitrum_2024,0,0.0035562254347916954,7.959823845977781e-07,2.2542113583767787e-05,0.0
deltaprime_arbitrum_2024__hn020,1,deltaprime_arbitrum_2024,0,0.003277821134566357,7.959823845977781e-07,1.8570599422673695e-05,0.0
deltaprime_arbitrum_2024__hn021,1,deltaprime_arbitrum_2024,0,0.0038733405872319374,7.959823845977781e-07,2.761929681582842e-05,0.0
deltaprime_arbitrum_2024__hn021,2,deltaprime_arbitrum_2024,0,0.006062003711403079,0.025076462162397468,8.023339614737779e-05,0.06509409139512841
deltaprime_arbitrum_2024__hn022,2,deltaprime_arbitrum_2024,0,0.24587712352456853,0.3072950839189412,0.49919068813323975,0.597136630269313
deltaprime_arbitrum_2024__hn022,3,deltaprime_arbitrum_2024,0,0.304687048331397,0.17071003344527216,0.667575478553772,0.39388190104350984
deltaprime_arbitrum_2024__hn022,5,deltaprime_arbitrum_2024,0,0.28223347180045893,0.1962702765857154,0.6083939075469971,0.43842394203106944
deltaprime_arbitrum_2024__hn022,7,deltaprime_arbitrum_2024,0,0.16542232526238948,0.11277476529822619,0.23461343348026276,0.27913253154046397
deltaprime_arbitrum_2024__hn022,55,deltaprime_arbitrum_2024,0,0.18693764673756155,0.08432131516105805,0.30346381664276123,0.21502074614823827
deltaprime_arbitrum_2024__hn022,110,deltaprime_arbitrum_2024,0,0.06193647460189968,0.09762690435504384,0.022161638364195824,0.24566781492210132
deltaprime_arbitrum_2024__hn022,165,deltaprime_arbitrum_2024,0,0.07663502629804979,0.07612569924072153,0.03750583902001381,0.1955567038109902
deltaprime_arbitrum_2024__hn022,219,deltaprime_arbitrum_2024,0,0.05595965953289614,0.08459704660130647,0.017251361161470413,0.21566781492210133
deltaprime_arbitrum_2024__hn023,1,deltaprime_arbitrum_2024,0,0.004799681436690541,7.959823845977781e-07,4.600526881404221e-05,0.0
deltaprime_arbitrum_2024__hn023,2,deltaprime_arbitrum_2024,0,0.005893604062413506,0.016243000204524006,7.502294465666637e-05,0.04146040486214808
deltaprime_arbitrum_2024__hn023,3,deltaprime_arbitrum_2024,0,0.009396777707104495,0.0033716192357268566,0.00022844219347462058,0.007820624125359882
deltaprime_arbitrum_2024__hn025,1,deltaprime_arbitrum_2024,0,0.0029708866158779717,7.959823845977781e-07,1.4700883184559643e-05,0.0
deltaprime_arbitrum_2024__hn025,2,deltaprime_arbitrum_2024,0,0.00474030339817037,0.030228317864608854,4.4661945139523596e-05,0.07883670529476014
deltaprime_arbitrum_2024__hn026,1,deltaprime_arbitrum_2024,0,0.0038733405872319374,7.959823845977781e-07,2.761929681582842e-05,0.0
deltaprime_arbitrum_2024__hn026,2,deltaprime_arbitrum_2024,0,0.006805264170799593,0.02971859083056835,0.00010571124585112557,0.07748018686711766
deltaprime_arbitrum_2024__hn027,1,deltaprime_arbitrum_2024,0,0.007248593742435533,0.002326579459800411,0.00012288895959500223,0.00525824012041587
deltaprime_arbitrum_2024__hn028,1,deltaprime_arbitrum_2024,0,0.003570199413774019,7.959823845977781e-07,2.2753296434530057e-05,0.0
deltaprime_arbitrum_2024__hn028,2,deltaprime_arbitrum_2024,0,0.006961964869014535,0.00987665183939016,0.00011161071597598493,0.024557652531541078
deltaprime_arbitrum_2024__hn029,1,deltaprime_arbitrum_2024,0,0.0037315721216079458,0.0020258134072239937,2.5275458028772846e-05,0.004533702408702408
deltaprime_arbitrum_2024__hn030,1,deltaprime_arbitrum_2024,0,0.006304012442132463,0.002326579459800411,8.808106940705329e-05,0.00525824012041587
deltaprime_arbitrum_2024__hn031,1,deltaprime_arbitrum_2024,0,0.0035562254347916954,7.959823845977781e-07,2.2542113583767787e-05,0.0
deltaprime_arbitrum_2024__hn032,1,deltaprime_arbitrum_2024,0,0.0035562254347916954,7.959823845977781e-07,2.2542113583767787e-05,0.0
deltaprime_arbitrum_2024__hn033,1,deltaprime_arbitrum_2024,0,0.0035562254347916954,7.959823845977781e-07,2.2542113583767787e-05,0.0
deltaprime_arbitrum_2024__hn035,1,deltaprime_arbitrum_2024,0,0.003570199413774019,7.959823845977781e-07,2.2753296434530057e-05,0.0
deltaprime_arbitrum_2024__hn035,2,deltaprime_arbitrum_2024,0,0.004254979150579372,0.014800120840226636,3.453817407716997e-05,0.03760998551784167
deltaprime_arbitrum_2024__hn036,1,deltaprime_arbitrum_2024,0,0.003570199413774019,7.959823845977781e-07,2.2753296434530057e-05,0.0
deltaprime_arbitrum_2024__hn036,2,deltaprime_arbitrum_2024,0,0.005829567019132991,0.01012787639971961,7.309491047635674e-05,0.025218882405707868
deltaprime_arbitrum_2024__hn037,1,deltaprime_arbitrum_2024,0,0.003277821134566357,7.959823845977781e-07,1.8570599422673695e-05,0.0
deltaprime_arbitrum_2024__hn038,1,deltaprime_arbitrum_2024,0,0.0038733405872319374,7.959823845977781e-07,2.761929681582842e-05,0.0
deltaprime_arbitrum_2024__hn038,2,deltaprime_arbitrum_2024,0,0.0036048117528144075,0.01195223964822757,2.3281314497580752e-05,0.030038778529910846
deltaprime_arbitrum_2024__hn040,1,deltaprime_arbitrum_2024,0,0.012822391492850848,0.00753697205631867,0.0004809099482372403,0.01843779711609569
deltaprime_arbitrum_2024__hn040,2,deltaprime_arbitrum_2024,0,0.004485566077751696,0.020903356127778484,3.9159731386462227e-05,0.05392763903693178
deltaprime_arbitrum_2024__hn040,3,deltaprime_arbitrum_2024,0,0.007382353609951959,0.01406893520354581,0.00012837012764066458,0.03566190672528554
deltaprime_arbitrum_2024__hn040,4,deltaprime_arbitrum_2024,0,0.006186245694958244,0.0019337711498367094,8.420889207627624e-05,0.004313390313390313
deltaprime_arbitrum_2024__hn041,1,deltaprime_arbitrum_2024,0,0.0035562254347916954,7.959823845977781e-07,2.2542113583767787e-05,0.0
deltaprime_arbitrum_2024__hn042,1,deltaprime_arbitrum_2024,0,0.003277821134566357,7.959823845977781e-07,1.8570599422673695e-05,0.0
deltaprime_arbitrum_2024__hn043,1,deltaprime_arbitrum_2024,0,0.005629784465630629,0.002326579459800411,6.726681749569252e-05,0.00525824012041587
deltaprime_arbitrum_2024__hn044,1,deltaprime_arbitrum_2024,0,0.007328569285058157,0.0009192060396446568,0.00012614937440957874,0.0019431500465983227
deltaprime_arbitrum_2024__hn044,2,deltaprime_arbitrum_2024,0,0.005496509248676343,0.04382143088249703,6.353491335175931e-05,0.11462943922998457
deltaprime_arbitrum_2024__hn044,3,deltaprime_arbitrum_2024,0,0.004810059559003676,0.037473728023049414,4.6242435928434134e-05,0.09801660584185712
deltaprime_arbitrum_2024__hn044,4,deltaprime_arbitrum_2024,0,0.04615454319599591,0.04806003899347292,0.010736024007201195,0.12560649600445517
deltaprime_arbitrum_2024__hn045,1,deltaprime_arbitrum_2024,0,0.003277821134566357,7.959823845977781e-07,1.8570599422673695e-05,0.0
deltaprime_arbitrum_2024__hn046,1,deltaprime_arbitrum_2024,0,0.0066830603721667785,0.002326579459800411,0.00010123974061571062,0.00525824012041587
deltaprime_arbitrum_2024__hn047,1,deltaprime_arbitrum_2024,0,0.002867074864366202,7.959823845977781e-07,1.350946149614174e-05,0.0
deltaprime_arbitrum_2024__hn048,1,deltaprime_arbitrum_2024,0,0.0035562254347916954,7.959823845977781e-07,2.2542113583767787e-05,0.0
deltaprime_arbitrum_2024__hn050,2,deltaprime_arbitrum_2024,0,0.24657063504098237,0.22336881717422122,0.5014039874076843,0.4820490681575184
deltaprime_arbitrum_2024__hn050,3,deltaprime_arbitrum_2024,0,0.2616066317299539,0.23855066369060474,0.5482556223869324,0.5049962721898698
deltaprime_arbitrum_2024__hn050,4,deltaprime_arbitrum_2024,0,0.5144754771110062,0.24475748292788096,0.9420961737632751,0.5140864485981308
deltaprime_arbitrum_2024__hn050,5,deltaprime_arbitrum_2024,0,0.5144754771110062,0.266077009144657,0.9420961737632751,0.5440864485981308
deltaprime_arbitrum_2024__hn051,2,deltaprime_arbitrum_2024,0,0.01881727007804118,0.06286905270150084,0.0012097941944375634,0.16313597980359418
deltaprime_arbitrum_2024__hn051,3,deltaprime_arbitrum_2024,0,0.01672487429334248,0.04235013956413805,0.0009106593206524849,0.11079669933369864
deltaprime_arbitrum_2024__hn051,4,deltaprime_arbitrum_2024,0,0.012984260791917158,0.029219037135290504,0.0004956037155352533,0.07614997311569646
deltaprime_arbitrum_2024__hn051,5,deltaprime_arbitrum_2024,0,0.0077661405384626785,0.009508417148587333,0.00014487853331957012,0.02358971429361426
deltaprime_arbitrum_2024__hn051,7,deltaprime_arbitrum_2024,0,0.005954136400392113,0.008047409243883032,7.687241304665804e-05,0.019766236330490017
deltaprime_arbitrum_2024__hn051,8,deltaprime_arbitrum_2024,0,0.004605562849973591,0.0029446282758929768,4.1699211578816175e-05,0.006766236330490017
deltaprime_arbitrum_2024__hn051,12,deltaprime_arbitrum_2024,0,0.0054653144329757436,0.002260950899463999,6.26792898401618e-05,0.005099569663823351
deltaprime_arbitrum_2024__hn051,15,deltaprime_arbitrum_2024,0,0.0054653144329757436,0.010423973313360372,6.26792898401618e-05,0.025999067151260536
deltaprime_arbitrum_2024__hn052,1,deltaprime_arbitrum_2024,0,0.004836439749343362,0.00048487544963875213,4.684848681790754e-05,0.0009781468531468531
deltaprime_arbitrum_2024__hn052,2,deltaprime_arbitrum_2024,0,0.009774336965860124,0.016018079696682414,0.00025101154460571706,0.040859728506787325
deltaprime_arbitrum_2024__hn053,1,deltaprime_arbitrum_2024,0,0.0038733405872319374,7.959823845977781e-07,2.761929681582842e-05,0.0
deltaprime_arbitrum_2024__hn053,2,deltaprime_arbitrum_2024,0,0.004503608424644923,0.013265728687875445,3.9535640098620206e-05,0.033524977283107604
deltaprime_arbitrum_2024__hn054,1,deltaprime_arbitrum_2024,0,0.005562709890424799,0.002326579459800411,6.537311855936423e-05,0.00525824012041587
deltaprime_arbitrum_2024__hn055,1,deltaprime_arbitrum_2024,0,0.0035562254347916954,7.959823845977781e-07,2.2542113583767787e-05,0.0
deltaprime_arbitrum_2024__hn056,1,deltaprime_arbitrum_2024,0,0.01094444297572342,0.002326579459800411,0.00032902153907343745,0.00525824012041587
deltaprime_arbitrum_2024__hn057,1,deltaprime_arbitrum_2024,0,0.003277821134566357,7.959823845977781e-07,1.8570599422673695e-05,0.0
deltaprime_arbitrum_2024__hn058,1,deltaprime_arbitrum_2024,0,0.003277821134566357,7.959823845977781e-07,1.8570599422673695e-05,0.0
deltaprime_arbitrum_2024__hn059,1,deltaprime_arbitrum_2024,0,0.004799681436690541,7.959823845977781e-07,4.600526881404221e-05,0.0
deltaprime_arbitrum_2024__hn059,2,deltaprime_arbitrum_2024,0,0.005383296021234473,0.008225533871672666,6.046181806595996e-05,0.020230788596974348
deltaprime_arbitrum_2024__hn059,3,deltaprime_arbitrum_2024,0,0.0564565676571047,0.22573879645893322,0.017631681635975838,0.48569944678701144
deltaprime_arbitrum_2024__hn060,1,deltaprime_arbitrum_2024,0,0.0029708866158779717,7.959823845977781e-07,1.4700883184559643e-05,0.0
deltaprime_arbitrum_2024__hn060,2,deltaprime_arbitrum_2024,0,0.0048944276451246245,0.0422742727997487,4.819686364498921e-05,0.11059876268181751
deltaprime_arbitrum_2024__hn061,1,deltaprime_arbitrum_2024,0,0.003277821134566357,7.959823845977781e-07,1.8570599422673695e-05,0.0
deltaprime_arbitrum_2024__hn062,1,deltaprime_arbitrum_2024,0,0.0038733405872319374,7.959823845977781e-07,2.761929681582842e-05,0.0
deltaprime_arbitrum_2024__hn062,2,deltaprime_arbitrum_2024,0,0.006022648335881161,0.005334612114986916,7.899742195149884e-05,0.01276402832978051
deltaprime_arbitrum_2024__hn063,1,deltaprime_arbitrum_2024,0,0.003570199413774019,7.959823845977781e-07,2.2753296434530057e-05,0.0
deltaprime_arbitrum_2024__hn063,2,deltaprime_arbitrum_2024,0,0.005192525666862968,0.008462492537461506,5.5483000323874876e-05,0.02084951665174582
deltaprime_arbitrum_2024__hn064,2,deltaprime_arbitrum_2024,0,0.027093996369392755,0.06058564616615838,0.0029226895421743393,0.15743711067457258
deltaprime_arbitrum_2024__hn064,3,deltaprime_arbitrum_2024,0,0.007084816499009903,0.017170035794577796,0.00011636710405582562,0.04393761421940863
deltaprime_arbitrum_2024__hn064,5,deltaprime_arbitrum_2024,0,0.005636837176987639,0.004294756475041084,6.746776489308104e-05,0.010128205128205128
deltaprime_arbitrum_2024__hn064,6,deltaprime_arbitrum_2024,0,0.005620616458815865,0.004294756475041084,6.700611993437633e-05,0.010128205128205128
deltaprime_arbitrum_2024__hn065,1,deltaprime_arbitrum_2024,0,0.0035562254347916954,7.959823845977781e-07,2.2542113583767787e-05,0.0
deltaprime_arbitrum_2024__hn066,1,deltaprime_arbitrum_2024,0,0.0035562254347916954,7.959823845977781e-07,2.2542113583767787e-05,0.0
deltaprime_arbitrum_2024__hn067,1,deltaprime_arbitrum_2024,0,0.004249549218224425,0.00048487544963875213,3.443339664954692e-05,0.0009781468531468531
deltaprime_arbitrum_2024__hn067,2,deltaprime_arbitrum_2024,0,0.008327500419739247,0.04806709871588656,0.00017115406808443367,0.12562469660763018
deltaprime_arbitrum_2024__hn067,3,deltaprime_arbitrum_2024,0,0.025040957206416345,0.0768154529021855,0.0024140840396285057,0.1972120200426341
deltaprime_arbitrum_2024__hn068,1,deltaprime_arbitrum_2024,0,0.0029708866158779717,7.959823845977781e-07,1.4700883184559643e-05,0.0
deltaprime_arbitrum_2024__hn068,2,deltaprime_arbitrum_2024,0,0.00474030339817037,0.028565635601977734,4.4661945139523596e-05,0.07440899445138664
deltaprime_arbitrum_2024__hn069,1,deltaprime_arbitrum_2024,0,0.0035562254347916954,7.959823845977781e-07,2.2542113583767787e-05,0.0
bsc_token_hub_2022__hn000,1,bsc_token_hub_2022,0,0.002523195322548971,4.912784231194737e-07,8.726150554139167e-06,0.0
bsc_token_hub_2022__hn001,1,bsc_token_hub_2022,0,0.002523195322548971,4.912784231194737e-07,8.726150554139167e-06,0.0
bsc_token_hub_2022__hn002,1,bsc_token_hub_2022,0,0.003222094720589416,4.912784231194737e-07,1.5952617104630917e-05,0.0
bsc_token_hub_2022__hn002,2,bsc_token_hub_2022,0,0.00866964349575917,0.006895712596384007,0.00018460722640156746,0.018796829049993607
bsc_token_hub_2022__hn002,3,bsc_token_hub_2022,0,0.005724936942625456,0.01528328235554616,6.602248322451487e-05,0.04208150629335867
bsc_token_hub_2022__hn003,1,bsc_token_hub_2022,0,0.0026937690011298726,4.912784231194737e-07,1.0254238986817654e-05,0.0
bsc_token_hub_2022__hn004,1,bsc_token_hub_2022,0,0.0026937690011298726,4.912784231194737e-07,1.0254238986817654e-05,0.0
bsc_token_hub_2022__hn005,1,bsc_token_hub_2022,0,0.009549264159592048,0.006607701684998776,0.0002346578985452652,0.017996595693716456
bsc_token_hub_2022__hn005,2,bsc_token_hub_2022,0,0.018594251524689995,0.03756810454426506,0.0012355608632788062,0.10215382964851649
bsc_token_hub_2022__hn005,3,bsc_token_hub_2022,0,0.005666767051275416,0.016919822369186214,6.437500996980816e-05,0.04659819279889902
bsc_token_hub_2022__hn007,1,bsc_token_hub_2022,0,0.0026937690011298726,4.912784231194737e-07,1.0254238986817654e-05,0.0
bsc_token_hub_2022__hn008,1,bsc_token_hub_2022,0,0.003315444432716082,0.000607167105929745,1.7117838069680147e-05,0.0015487179487179486
bsc_token_hub_2022__hn008,2,bsc_token_hub_2022,0,0.0038507424999821667,0.014260021831997916,2.477149791957345e-05,0.039251204110641785
bsc_token_hub_2022__hn009,1,bsc_token_hub_2022,0,0.006108235976335739,0.006607701684998776,7.75080916355364e-05,0.017996595693716456
bsc_token_hub_2022__hn009,2,bsc_token_hub_2022,0,0.010701469033615884,0.0646019291303232,0.0003114369173999876,0.17011929399642123
bsc_token_hub_2022__hn010,2,bsc_token_hub_2022,0,0.004059237816026624,0.013558889198670175,2.8217440558364615e-05,0.03730941073520426
bsc_token_hub_2022__hn010,3,bsc_token_hub_2022,0,0.0048333904923558955,0.0008595073040534356,4.3436852138256654e-05,0.002215847070308167
bsc_token_hub_2022__hn010,5,bsc_token_hub_2022,0,0.006376829951972154,0.00014820598942551257,8.622129098512232e-05,0.0003617021276595744
bsc_token_hub_2022__hn010,6,bsc_token_hub_2022,0,0.012738073773055147,0.00014820598942551257,0.0004804556956514716,0.0003617021276595744
bsc_token_hub_2022__hn011,1,bsc_token_hub_2022,0,0.0026937690011298726,4.912784231194737e-07,1.0254238986817654e-05,0.0
bsc_token_hub_2022__hn012,1,bsc_token_hub_2022,0,0.0030248747484126837,4.912784231194737e-07,1.364993386232527e-05,0.0
bsc_token_hub_2022__hn012,2,bsc_token_hub_2022,0,0.0019594733983550037,0.010886477282622582,4.6777890929661226e-06,0.029892926660216396
bsc_token_hub_2022__hn013,1,bsc_token_hub_2022,0,0.002523195322548971,4.912784231194737e-07,8.726150554139167e-06,0.0
bsc_token_hub_2022__hn014,1,bsc_token_hub_2022,0,0.002523195322548971,4.912784231194737e-07,8.726150554139167e-06,0.0
bsc_token_hub_2022__hn015,1,bsc_token_hub_2022,0,0.008490758549337543,0.006328984261489132,0.00017529987962916493,0.01722244796644373
bsc_token_hub_2022__hn015,2,bsc_token_hub_2022,0,0.02240135747356944,0.20690169143054732,0.001971209654584527,0.4468353427979138
bsc_token_hub_2022__hn016,1,bsc_token_hub_2022,0,0.006378006464175423,0.0013603402482084337,8.626068301964551e-05,0.0035556915544675645
bsc_token_hub_2022__hn016,2,bsc_token_hub_2022,0,0.0068353571518081765,0.03290896566301652,0.00010239940456813201,0.08987797574814234
bsc_token_hub_2022__hn016,3,bsc_token_hub_2022,0,0.005991446026582496,0.013104417785140423,7.389153324766085e-05,0.03604975574418737
bsc_token_hub_2022__hn016,4,bsc_token_hub_2022,0,0.0034682358301552697,0.007697637105725344,1.913172673084773e-05,0.021026038652455576
bsc_token_hub_2022__hn017,1,bsc_token_hub_2022,0,0.004681300315891355,0.000607167105929745,4.013589204987511e-05,0.0015487179487179486
bsc_token_hub_2022__hn017,2,bsc_token_hub_2022,0,0.007520048816630326,0.024277282789293593,0.00012972665717825294,0.0667213544083147
bsc_token_hub_2022__hn018,1,bsc_token_hub_2022,0,0.0026937690011298726,4.912784231194737e-07,1.0254238986817654e-05,0.0
bsc_token_hub_2022__hn019,1,bsc_token_hub_2022,0,0.002523195322548971,4.912784231194737e-07,8.726150554139167e-06,0.0
bsc_token_hub_2022__hn020,1,bsc_token_hub_2022,0,0.0026711757831539332,4.912784231194737e-07,1.0043369002232794e-05,0.0
bsc_token_hub_2022__hn020,2,bsc_token_hub_2022,0,0.003995432324152341,0.0073700585325835715,2.7134406991535798e-05,0.02011527159581581
bsc_token_hub_2022__hn021,1,bsc_token_hub_2022,0,0.01277474307111128,0.008406234128887276,0.00048390834126621485,0.022996595693716454
bsc_token_hub_2022__hn021,2,bsc_token_hub_2022,0,0.00428839386106843,0.055469452335682894,3.23178646794986e-05,0.14778643896008142
bsc_token_hub_2022__hn021,3,bsc_token_hub_2022,0,0.006959432589176475,0.004519216200722822,0.00010706587636377662,0.012205771182962915
bsc_token_hub_2022__hn022,1,bsc_token_hub_2022,0,0.0033419630062431183,0.000607167105929745,1.7457816284149885e-05,0.0015487179487179486
bsc_token_hub_2022__hn023,1,bsc_token_hub_2022,0,0.008671495896716126,0.006328984261489132,0.00018470511713530868,0.01722244796644373
bsc_token_hub_2022__hn023,2,bsc_token_hub_2022,0,0.015627421461959983,0.05950420029818011,0.0007999985828064382,0.15773171135485334
bsc_token_hub_2022__hn024,2,bsc_token_hub_2022,0,0.06973422596871574,0.22689132688681737,0.035193249583244324,0.4770253404043136
bsc_token_hub_2022__hn024,3,bsc_token_hub_2022,0,0.009166857184211003,0.00478293251269871,0.000212012673728168,0.012935344827586206
bsc_token_hub_2022__hn024,4,bsc_token_hub_2022,0,0.015208040824293877,0.004444794247344252,0.0007474629092030227,0.012
bsc_token_hub_2022__hn024,5,bsc_token_hub_2022,0,0.016258497065335453,0.004444794247344252,0.0008831615559756756,0.012
bsc_token_hub_2022__hn025,1,bsc_token_hub_2022,0,0.0026937690011298726,4.912784231194737e-07,1.0254238986817654e-05,0.0
bsc_token_hub_2022__hn026,1,bsc_token_hub_2022,0,0.009953943746095532,0.020686687075000727,0.00026014179456979036,0.056941031212211224
bsc_token_hub_2022__hn026,2,bsc_token_hub_2022,0,0.01248802418811797,0.03508757857598609,0.0004573078767862171,0.09563823223563167
bsc_token_hub_2022__hn026,3,bsc_token_hub_2022,0,0.006232219545644697,0.020463161287515713,8.146111940732226e-05,0.05632954056660504
bsc_token_hub_2022__hn026,4,bsc_token_hub_2022,0,0.006565411596889159,0.0007781383332058233,9.26736174733378e-05,0.002
bsc_token_hub_2022__hn027,1,bsc_token_hub_2022,0,0.0053948959839829926,0.006607701684998776,5.7002420362550765e-05,0.017996595693716456
bsc_token_hub_2022__hn027,2,bsc_token_hub_2022,0,0.030356723864554343,0.20222670573198442,0.004238390363752842,0.43951971234259973
bsc_token_hub_2022__hn027,3,bsc_token_hub_2022,0,0.03201960572748086,0.22518086500430368,0.004850132390856743,0.474509175938938
bsc_token_hub_2022__hn028,1,bsc_token_hub_2022,0,0.0038117798661871038,0.008406234128887276,2.4157056031981483e-05,0.022996595693716454
bsc_token_hub_2022__hn028,2,bsc_token_hub_2022,0,0.006231026554255957,0.00804247445676159,8.142252045217901e-05,0.02198495122006994
bsc_token_hub_2022__hn029,1,bsc_token_hub_2022,0,0.006107417134952101,0.0018083564244724243,7.748237112537026e-05,0.004766154260150022
bsc_token_hub_2022__hn030,1,bsc_token_hub_2022,0,0.005444379066570061,0.0036354256551562195,5.8304496633354574e-05,0.009766154260150022
bsc_token_hub_2022__hn032,1,bsc_token_hub_2022,0,0.0038243450360010947,0.005899767920184861,2.435420174151659e-05,0.01603090226305952
bsc_token_hub_2022__hn032,2,bsc_token_hub_2022,0,0.01312028117765407,0.011131722078137651,0.0005171793163754046,0.03057435138949341
bsc_token_hub_2022__hn033,1,bsc_token_hub_2022,0,0.0030248747484126837,4.912784231194737e-07,1.364993386232527e-05,0.0
bsc_token_hub_2022__hn033,2,bsc_token_hub_2022,0,0.0025888031115820047,0.0029508758112475795,9.29654561332427e-06,0.00788411434586132
bsc_token_hub_2022__hn034,1,bsc_token_hub_2022,0,0.0030248747484126837,4.912784231194737e-07,1.364993386232527e-05,0.0
bsc_token_hub_2022__hn034,2,bsc_token_hub_2022,0,0.009219926797864347,0.009596640072888558,0.00021507302881218493,0.026307266869440106
bsc_token_hub_2022__hn035,1,bsc_token_hub_2022,0,0.002523195322548971,4.912784231194737e-07,8.726150554139167e-06,0.0
bsc_token_hub_2022__hn036,1,bsc_token_hub_2022,0,0.002523195322548971,4.912784231194737e-07,8.726150554139167e-06,0.0
bsc_token_hub_2022__hn037,1,bsc_token_hub_2022,0,0.0033419630062431183,0.000607167105929745,1.7457816284149885e-05,0.0015487179487179486
bsc_token_hub_2022__hn038,1,bsc_token_hub_2022,0,0.004985976183709536,0.0008234595978676376,4.690637797466479e-05,0.0021201465201465203
bsc_token_hub_2022__hn038,2,bsc_token_hub_2022,0,0.007573903017030266,0.01441255759512172,0.00013204173592384905,0.039673393894037234
bsc_token_hub_2022__hn038,3,bsc_token_hub_2022,0,0.005437442717926589,0.006771298688162264,5.812091694679111e-05,0.018451116233187445
bsc_token_hub_2022__hn039,1,bsc_token_hub_2022,0,0.009560242866800529,0.010382116768842597,0.0002353284799028188,0.02849115438377243
bsc_token_hub_2022__hn039,2,bsc_token_hub_2022,0,0.029482922854298557,0.21210368541533278,0.003936962690204382,0.4548597950562167
bsc_token_hub_2022__hn039,3,bsc_token_hub_2022,0,0.01889692502338129,0.09179308275662316,0.0012865448370575905,0.23292431517311615
bsc_token_hub_2022__hn039,4,bsc_token_hub_2022,0,0.019061168537616805,0.0651912553573324,0.0013147364370524883,0.17153863021284457
bsc_token_hub_2022__hn040,2,bsc_token_hub_2022,0,0.016844559219224346,0.07098468325505795,0.0009648959967307746,0.1853520448587075
bsc_token_hub_2022__hn040,3,bsc_token_hub_2022,0,0.016858799560789558,0.012197497267498065,0.0009669366991147399,0.03353393741889361
bsc_token_hub_2022__hn040,5,bsc_token_hub_2022,0,0.024202648420758567,0.01720250919732891,0.00239420123398304,0.04737704918032787
bsc_token_hub_2022__hn040,6,bsc_token_hub_2022,0,0.035007412405225695,0.016340211946472484,0.006079193204641342,0.045
bsc_token_hub_2022__hn041,1,bsc_token_hub_2022,0,0.0026937690011298726,4.912784231194737e-07,1.0254238986817654e-05,0.0
bsc_token_hub_2022__hn042,1,bsc_token_hub_2022,0,0.004487393550776093,0.0018083564244724243,3.615123932831921e-05,0.004766154260150022
bsc_token_hub_2022__hn044,1,bsc_token_hub_2022,0,0.0035676878707093015,0.000607167105929745,2.0514908101176843e-05,0.0015487179487179486
bsc_token_hub_2022__hn045,1,bsc_token_hub_2022,0,0.0037384097798721485,0.008406234128887276,2.3024902475299314e-05,0.022996595693716454
bsc_token_hub_2022__hn045,2,bsc_token_hub_2022,0,0.010944283955683686,0.05720907559354777,0.0003293052432127297,0.15208974762192948
bsc_token_hub_2022__hn046,1,bsc_token_hub_2022,0,0.002523195322548971,4.912784231194737e-07,8.726150554139167e-06,0.0
bsc_token_hub_2022__hn047,1,bsc_token_hub_2022,0,0.002523195322548971,4.912784231194737e-07,8.726150554139167e-06,0.0
bsc_token_hub_2022__hn048,2,bsc_token_hub_2022,0,0.01033369661621884,0.0715724345124934,0.0002855067723430693,0.18673935701698027
bsc_token_hub_2022__hn048,3,bsc_token_hub_2022,0,0.014331351402862418,0.07116679531868432,0.0006445244653150439,0.18578217325051308
bsc_token_hub_2022__hn048,4,bsc_token_hub_2022,0,0.01683326205970053,0.003398466419952415,0.0009632788714952767,0.009113794954374664
bsc_token_hub_2022__hn048,5,bsc_token_hub_2022,0,0.008188701857158238,0.00448595327398401,0.00016023489297367632,0.012113794954374667
bsc_token_hub_2022__hn049,2,bsc_token_hub_2022,0,0.018527653476623145,0.26293282482414776,0.0012245102552697062,0.5273265467287039
bsc_token_hub_2022__hn049,3,bsc_token_hub_2022,0,0.02358903727768868,0.07460112773389012,0.002244471339508891,0.19384739398682405
bsc_token_hub_2022__hn049,5,bsc_token_hub_2022,0,0.03128740333652486,0.06147174522962304,0.0045745414681732655,0.16253634247544685
bsc_token_hub_2022__hn049,6,bsc_token_hub_2022,0,0.037353092400320684,0.06356851744415391,0.007165926042944193,0.16762406177369243
bsc_token_hub_2022__hn050,1,bsc_token_hub_2022,0,0.009737458483610337,0.006607701684998776,0.0002463126729708165,0.017996595693716456
bsc_token_hub_2022__hn050,2,bsc_token_hub_2022,0,0.03656697834790677,0.03350841204945912,0.006789484992623329,0.09146639981407936
bsc_token_hub_2022__hn051,1,bsc_token_hub_2022,0,0.0026937690011298726,4.912784231194737e-07,1.0254238986817654e-05,0.0
bsc_token_hub_2022__hn052,1,bsc_token_hub_2022,0,0.0031246655273301,0.0018083564244724243,1.478833110013511e-05,0.004766154260150022
bsc_token_hub_2022__hn053,1,bsc_token_hub_2022,0,0.0026937690011298726,4.912784231194737e-07,1.0254238986817654e-05,0.0
bsc_token_hub_2022__hn054,1,bsc_token_hub_2022,0,0.002830465418428384,0.0008234595978676376,1.1586218533921055e-05,0.0021201465201465203
bsc_token_hub_2022__hn055,1,bsc_token_hub_2022,0,0.004965898334778411,0.003720293240741094,4.6440727601293474e-05,0.01
bsc_token_hub_2022__hn055,2,bsc_token_hub_2022,0,0.0061410555978812995,0.006193253611668304,7.854305295040831e-05,0.016845559257582
bsc_token_hub_2022__hn055,3,bsc_token_hub_2022,0,0.004648661864685135,0.0008595073040534356,3.9447739254683256e-05,0.002215847070308167
bsc_token_hub_2022__hn056,1,bsc_token_hub_2022,0,0.002523195322548971,4.912784231194737e-07,8.726150554139167e-06,0.0
bsc_token_hub_2022__hn057,1,bsc_token_hub_2022,0,0.0033419630062431183,0.0026720803013767116,1.7457816284149885e-05,0.0071201465201465195
bsc_token_hub_2022__hn058,1,bsc_token_hub_2022,0,0.002523195322548971,4.912784231194737e-07,8.726150554139167e-06,0.0
bsc_token_hub_2022__hn059,2,bsc_token_hub_2022,0,0.022691312252493198,0.03551295943778591,0.002035933779552579,0.09675884258320976
bsc_token_hub_2022__hn059,3,bsc_token_hub_2022,0,0.010228355769947253,0.023587675995865438,0.0002783282834570855,0.06484930896402394
bsc_token_hub_2022__hn059,4,bsc_token_hub_2022,0,0.02640387794626332,0.016273880671792057,0.0029808031395077705,0.04481699552032805
bsc_token_hub_2022__hn059,5,bsc_token_hub_2022,0,0.015527747461665083,0.013385884180774852,0.0007873166468925774,0.03682998253331506
bsc_token_hub_2022__hn059,7,bsc_token_hub_2022,0,0.0172839850616983,0.007458699454588407,0.0010290772188454866,0.020361702127659576
bsc_token_hub_2022__hn059,11,bsc_token_hub_2022,0,0.01910823609685415,0.007328593568176521,0.0013228838797658682,0.02
bsc_token_hub_2022__hn059,14,bsc_token_hub_2022,0,0.013731322717800223,0.009126568600065683,0.0005793168093077838,0.025
bsc_token_hub_2022__hn060,1,bsc_token_hub_2022,0,0.0026937690011298726,4.912784231194737e-07,1.0254238986817654e-05,0.0
bsc_token_hub_2022__hn061,2,bsc_token_hub_2022,0,0.014353326919831906,0.04286732425816494,0.0006469927029684186,0.11591782669875408
bsc_token_hub_2022__hn061,3,bsc_token_hub_2022,0,0.0059607186412155766,0.015580832594437303,7.295716204680502e-05,0.042903656241737434
bsc_token_hub_2022__hn061,5,bsc_token_hub_2022,0,0.004022529177333906,0.006509277481916174,2.7591258913162164e-05,0.01772318687687674
bsc_token_hub_2022__hn061,6,bsc_token_hub_2022,0,0.004178135780369532,0.0024086627482793714,3.03035067190649e-05,0.006399965846994535
bsc_token_hub_2022__hn062,1,bsc_token_hub_2022,0,0.01142153285652383,0.008406234128887276,0.0003661903028842062,0.022996595693716454
bsc_token_hub_2022__hn062,2,bsc_token_hub_2022,0,0.012390300737679917,0.07864683683438282,0.0004484481178224087,0.20323632982843642
bsc_token_hub_2022__hn063,1,bsc_token_hub_2022,0,0.003222094720589416,4.912784231194737e-07,1.5952617104630917e-05,0.0
bsc_token_hub_2022__hn063,2,bsc_token_hub_2022,0,0.006230076164207533,0.004777739244671636,8.139177953125909e-05,0.012920971626038455
bsc_token_hub_2022__hn063,3,bsc_token_hub_2022,0,0.0040896394280197125,0.0005242105219119468,2.8742397262249142e-05,0.0013310580204778158
bsc_token_hub_2022__hn064,1,bsc_token_hub_2022,0,0.0035676878707093015,0.0008234595978676376,2.0514908101176843e-05,0.0021201465201465203
bsc_token_hub_2022__hn065,2,bsc_token_hub_2022,0,0.09227761593114006,0.25698036824790077,0.0716555267572403,0.5193623759149602
bsc_token_hub_2022__hn065,3,bsc_token_hub_2022,0,0.07245957436846813,0.1439776896433439,0.03880869597196579,0.339310601765769
bsc_token_hub_2022__hn065,4,bsc_token_hub_2022,0,0.0417146359706447,0.14112083922129096,0.009486667811870575,0.333925119910045
bsc_token_hub_2022__hn065,5,bsc_token_hub_2022,0,0.015550644404912583,0.0032147388587803537,0.0007902191136963665,0.008608602150537634
bsc_token_hub_2022__hn065,6,bsc_token_hub_2022,0,0.009283141667533377,0.005883461641138614,0.00021875288803130388,0.0159856513308655
bsc_token_hub_2022__hn065,7,bsc_token_hub_2022,0,0.01124583427082855,0.002764330435923399,0.0003523366467561573,0.007372748105059053
bsc_token_hub_2022__hn065,8,bsc_token_hub_2022,0,0.021002425321611392,0.001892964452820584,0.0016766015905886889,0.004995698924731183
bsc_token_hub_2022__hn066,2,bsc_token_hub_2022,0,0.005266815260636459,0.01690488675351839,5.371342922444455e-05,0.046557031023386
bsc_token_hub_2022__hn066,3,bsc_token_hub_2022,0,0.003979829706297229,0.003472273122283133,2.687340929696802e-05,0.009316895775446617
bsc_token_hub_2022__hn066,4,bsc_token_hub_2022,0,0.0077657855420166675,0.00014820598942551257,0.00014049082528799772,0.0003617021276595744
bsc_token_hub_2022__hn066,5,bsc_token_hub_2022,0,0.0077657855420166675,0.00014820598942551257,0.00014049082528799772,0.0003617021276595744
bsc_token_hub_2022__hn067,1,bsc_token_hub_2022,0,0.00359935982741268,0.000607167105929745,2.0967534510418773e-05,0.0015487179487179486
bsc_token_hub_2022__hn067,2,bsc_token_hub_2022,0,0.004780273235219419,0.025047968519061808,4.226627424941398e-05,0.06880980675050954
bsc_token_hub_2022__hn068,1,bsc_token_hub_2022,0,0.0049867858222119475,0.006607701684998776,4.692521542892791e-05,0.017996595693716456
bsc_token_hub_2022__hn068,2,bsc_token_hub_2022,0,0.01206999752840232,0.039256591422447654,0.0004201378033030778,0.1065625533936351
bsc_token_hub_2022__hn069,1,bsc_token_hub_2022,0,0.016555030065941202,0.009925766950399739,0.0009239695500582457,0.027222447966443727
bsc_token_hub_2022__hn069,2,bsc_token_hub_2022,0,0.012831589608661046,0.05298711340381149,0.0004892903380095959,0.14160562435413548
bsc_token_hub_2022__hn069,3,bsc_token_hub_2022,0,0.07852350071588973,0.1412291341491822,0.04762273281812668,0.3341301365000369
qbridge_qubit_2022__hn000,1,qbridge_qubit_2022,0,0.004795250607365681,0.0011555040892119966,6.26142937107943e-05,0.004399977718360071
qbridge_qubit_2022__hn001,2,qbridge_qubit_2022,0,0.034096621003198074,0.045274192185586926,0.006001945585012436,0.1295656233573455
qbridge_qubit_2022__hn001,3,qbridge_qubit_2022,0,0.017834331793799625,0.023589702019245387,0.0013121626107022166,0.07286328947394097
qbridge_qubit_2022__hn001,5,qbridge_qubit_2022,0,0.016985268604889185,0.024375463585992206,0.00117108051199466,0.07504062604233824
qbridge_qubit_2022__hn001,7,qbridge_qubit_2022,0,0.00978882935346767,0.02641262932693112,0.00032552832271903753,0.0806371652345478
qbridge_qubit_2022__hn001,115,qbridge_qubit_2022,0,0.009064357432555806,0.01633585076859692,0.00027244017110206187,0.052225948592635296
qbridge_qubit_2022__hn001,229,qbridge_qubit_2022,0,0.005370998566461321,0.004190682145138654,8.13236620160751e-05,0.01479313719886806
qbridge_qubit_2022__hn001,344,qbridge_qubit_2022,0,0.0048526249978519615,0.0018653581817931048,6.435476097976789e-05,0.006912477870908741
qbridge_qubit_2022__hn001,458,qbridge_qubit_2022,0,0.0038450765899846334,0.0006011146484844731,3.764481152757071e-05,0.0023730389069173464
qbridge_qubit_2022__hn002,1,qbridge_qubit_2022,0,0.0027880445174971926,0.003015661170833894,1.7962813217309304e-05,0.010863289052994935
qbridge_qubit_2022__hn002,2,qbridge_qubit_2022,0,0.003292081264534328,0.012358406862610194,2.632988071127329e-05,0.04044122361066095
qbridge_qubit_2022__hn002,3,qbridge_qubit_2022,0,0.0037598033216631045,0.0021295718585419214,3.5749952076002955e-05,0.007831184768880868
qbridge_qubit_2022__hn003,1,qbridge_qubit_2022,0,0.002415611280026436,1.637952455819221e-07,1.291631178901298e-05,0.0
qbridge_qubit_2022__hn004,1,qbridge_qubit_2022,0,0.003176179759273064,1.637952455819221e-07,2.4245080567197874e-05,0.0
qbridge_qubit_2022__hn004,2,qbridge_qubit_2022,0,0.0031186621784512663,0.0155837221511812,2.3246526325237937e-05,0.05002549580853409
qbridge_qubit_2022__hn004,3,qbridge_qubit_2022,0,0.0031397088023017443,0.04905664464677934,2.3609152776771225e-05,0.13882886780307466
qbridge_qubit_2022__hn005,1,qbridge_qubit_2022,0,0.00907033346399484,0.001657970686117911,0.00027285609394311905,0.006185692004074358
qbridge_qubit_2022__hn005,2,qbridge_qubit_2022,0,0.0073207716923869804,0.01636291823728515,0.0001662299910094589,0.05230490781825252
qbridge_qubit_2022__hn005,3,qbridge_qubit_2022,0,0.015875410259575964,0.00810068917354888,0.0010004781652241945,0.02736506562766333
qbridge_qubit_2022__hn006,1,qbridge_qubit_2022,0,0.003202940093999932,0.0002024938856512101,2.4717790438444354e-05,0.0008477272727272728
qbridge_qubit_2022__hn006,2,qbridge_qubit_2022,0,0.00571097018210578,0.009612222693459911,9.369228064315394e-05,0.03206930359116905
qbridge_qubit_2022__hn007,1,qbridge_qubit_2022,0,0.0030102945060898295,1.637952455819221e-07,2.1429554180940613e-05,0.0
qbridge_qubit_2022__hn007,2,qbridge_qubit_2022,0,0.005344809473041366,0.008017188910152242,8.041202090680599e-05,0.027102981248387698
qbridge_qubit_2022__hn008,2,qbridge_qubit_2022,0,0.007493825222462746,0.020022125962095117,0.00017545172886457294,0.06283962441064356
qbridge_qubit_2022__hn008,3,qbridge_qubit_2022,0,0.009218609674673656,0.02966742511656559,0.00028329205815680325,0.08944018194559476
qbridge_qubit_2022__hn008,4,qbridge_qubit_2022,0,0.007195297404302857,0.0321083726908793,0.00015972067194525152,0.09593594870796508
qbridge_qubit_2022__hn008,5,qbridge_qubit_2022,0,0.008036405228038434,0.022546676962914645,0.0002062230050796643,0.06995650865698995
qbridge_qubit_2022__hn008,6,qbridge_qubit_2022,0,0.007969193430685872,0.02213512725915036,0.0002022568805841729,0.06880427104139025
qbridge_qubit_2022__hn008,7,qbridge_qubit_2022,0,0.0036585696697178757,0.014342233167266833,3.35722288582474e-05,0.04636558955495982
qbridge_qubit_2022__hn009,2,qbridge_qubit_2022,0,0.02295091055168406,0.05131104240665155,0.002366175875067711,0.14427230156854573
qbridge_qubit_2022__hn009,3,qbridge_qubit_2022,0,0.022063142136861155,0.048267020070776094,0.0021573840640485287,0.13690871469428795
qbridge_qubit_2022__hn009,5,qbridge_qubit_2022,0,0.03707037732088059,0.051057354441686936,0.007313183043152094,0.14366257775463367
qbridge_qubit_2022__hn009,7,qbridge_qubit_2022,0,0.01595702738689873,0.021225094506426824,0.0010124982800334692,0.06624553189246278
qbridge_qubit_2022__hn009,215,qbridge_qubit_2022,0,0.004727239399605402,0.0022799731839068652,6.058619328541681e-05,0.008350867269984918
qbridge_qubit_2022__hn009,429,qbridge_qubit_2022,0,0.003115738955256965,0.006966029966781994,2.319641316717025e-05,0.02378226794572948
qbridge_qubit_2022__hn009,644,qbridge_qubit_2022,0,0.0056971358651614085,0.006926714863641721,9.316946670878679e-05,0.023657267945729483
qbridge_qubit_2022__hn009,858,qbridge_qubit_2022,0,0.003457621806209486,0.010026080270527538,2.9477825592039153e-05,0.033344767945729485
qbridge_qubit_2022__hn010,2,qbridge_qubit_2022,0,0.029879999057426603,0.03187903187100298,0.0043966760858893394,0.09532937089168886
qbridge_qubit_2022__hn010,3,qbridge_qubit_2022,0,0.015477961918673299,0.014404061630685396,0.0009431230719201267,0.04654870001758191
qbridge_qubit_2022__hn010,5,qbridge_qubit_2022,0,0.024298168629620927,0.025485823753504232,0.0027046441100537777,0.0780995656051429
qbridge_qubit_2022__hn010,7,qbridge_qubit_2022,0,0.01628599540014626,0.01854128352514475,0.0010617882944643497,0.05860889655197385
qbridge_qubit_2022__hn010,44,qbridge_qubit_2022,0,0.008804963415116532,0.0032502504512445522,0.0002547354670241475,0.011655301066886656
qbridge_qubit_2022__hn010,88,qbridge_qubit_2022,0,0.004466118276794012,0.00019136708430204967,5.3149684390518814e-05,0.0008035714285714287
qbridge_qubit_2022__hn010,132,qbridge_qubit_2022,0,0.003799489091078867,0.00019136708430204967,3.662490416900255e-05,0.0008035714285714287
qbridge_qubit_2022__hn010,176,qbridge_qubit_2022,0,0.0037675777984565594,0.001549558638629594,3.592040957300924e-05,0.005803571428571429
qbridge_qubit_2022__hn011,2,qbridge_qubit_2022,0,0.025785991551267564,0.01096986700025662,0.003109340788796544,0.03623457413135244
qbridge_qubit_2022__hn011,3,qbridge_qubit_2022,0,0.03483960510265647,0.049718461872612627,0.006315384991466999,0.14043278342615512
qbridge_qubit_2022__hn011,5,qbridge_qubit_2022,0,0.02729708291472064,0.03818735209915373,0.003554366063326597,0.11174525654505568
qbridge_qubit_2022__hn011,7,qbridge_qubit_2022,0,0.02287910059846641,0.02862770272038923,0.002348870038986206,0.08664609814171843
qbridge_qubit_2022__hn011,194,qbridge_qubit_2022,0,0.008362959230941006,0.002876477012476773,0.000226121541345492,0.010391422112594837
qbridge_qubit_2022__hn011,387,qbridge_qubit_2022,0,0.004124816061626489,0.002876477012476773,4.4254178646951914e-05,0.010391422112594837
qbridge_qubit_2022__hn011,580,qbridge_qubit_2022,0,0.0035089484266204373,0.001058928594698543,3.0494958991766907e-05,0.004051938281307728
qbridge_qubit_2022__hn011,773,qbridge_qubit_2022,0,0.009583780304068132,0.0007271053192789121,0.0003099535242654383,0.002840674828558206
qbridge_qubit_2022__hn012,1,qbridge_qubit_2022,0,0.026919376379954556,0.010442104348427541,0.0034398736897855997,0.034621772802553435
qbridge_qubit_2022__hn012,2,qbridge_qubit_2022,0,0.00809172489776978,0.005907630881919042,0.00020952039631083608,0.020395451003157407
qbridge_qubit_2022__hn012,3,qbridge_qubit_2022,0,0.004829850257733163,0.0030168443310970095,6.366063462337479e-05,0.010867293853120592
qbridge_qubit_2022__hn012,4,qbridge_qubit_2022,0,0.006156833169550978,0.015575032450185641,0.00011144046584377065,0.05
qbridge_qubit_2022__hn013,2,qbridge_qubit_2022,0,0.03433421739281802,0.03882339795902137,0.006101164035499096,0.1133705631381257
qbridge_qubit_2022__hn013,3,qbridge_qubit_2022,0,0.02157186715558247,0.03264861446142781,0.002046627691015601,0.09736181337874862
qbridge_qubit_2022__hn013,5,qbridge_qubit_2022,0,0.030298740505188274,0.042187239657092236,0.004543147515505552,0.12188004366341416
qbridge_qubit_2022__hn013,7,qbridge_qubit_2022,0,0.02823578235555042,0.03507031597527465,0.003848425578325987,0.1037025009620312
qbridge_qubit_2022__hn013,131,qbridge_qubit_2022,0,0.006102308905665398,0.00030164870635231476,0.00010917576582869515,0.001236122099762645
qbridge_qubit_2022__hn013,261,qbridge_qubit_2022,0,0.009694090514178416,0.0017614264024384204,0.0003182780055794865,0.006548913043478262
qbridge_qubit_2022__hn013,391,qbridge_qubit_2022,0,0.0023209738578113277,0.0003828663724747194,1.1782148249039892e-05,0.001548913043478261
qbridge_qubit_2022__hn013,521,qbridge_qubit_2022,0,0.0023014516868385564,0.0003828663724747194,1.1555509445315693e-05,0.001548913043478261
qbridge_qubit_2022__hn014,2,qbridge_qubit_2022,0,0.25703015132087154,0.3899413125534058,0.5316179990768433,0.6361576981868468
qbridge_qubit_2022__hn014,3,qbridge_qubit_2022,0,0.1507579473011728,0.24540696337153678,0.19717182219028473,0.47970320804381955
qbridge_qubit_2022__hn014,5,qbridge_qubit_2022,0,0.016850357811888525,0.004104981177419595,0.0011495129438117146,0.014509453760762334
qbridge_qubit_2022__hn014,6,qbridge_qubit_2022,0,0.01962889648405244,0.0027334902636206465,0.0016413264675065875,0.0099050662128264
qbridge_qubit_2022__hn014,7,qbridge_qubit_2022,0,0.01673705188921699,0.0029787801730589425,0.0011315778829157352,0.010738399546159733
qbridge_qubit_2022__hn014,9,qbridge_qubit_2022,0,0.010734816069227084,0.003389738913201494,0.0004031084245070815,0.012124363360966053
qbridge_qubit_2022__hn014,11,qbridge_qubit_2022,0,0.011406790419797995,0.0009211805346509207,0.0004640533297788352,0.0035522504456327987
qbridge_qubit_2022__hn015,2,qbridge_qubit_2022,0,0.047956296307753804,0.054137509671013065,0.013466920703649521,0.15101799551774375
qbridge_qubit_2022__hn015,3,qbridge_qubit_2022,0,0.045288021754088505,0.05436527339253772,0.011754223145544529,0.15155782803501938
qbridge_qubit_2022__hn015,5,qbridge_qubit_2022,0,0.017429487815356404,0.022435665557575316,0.0012437369441613555,0.06964600245717516
qbridge_qubit_2022__hn015,6,qbridge_qubit_2022,0,0.01353685860297771,0.0026959661699424947,0.0006905618356540799,0.00977715443353592
qbridge_qubit_2022__hn015,7,qbridge_qubit_2022,0,0.013092305683735268,0.0008150309017344738,0.0006390077760443091,0.003164251207729468
qbridge_qubit_2022__hn015,12,qbridge_qubit_2022,0,0.0074080224440857155,1.637952455819221e-07,0.00017084395221900195,0.0
qbridge_qubit_2022__hn015,18,qbridge_qubit_2022,0,0.00630504974184922,1.637952455819221e-07,0.00011773089499911293,0.0
qbridge_qubit_2022__hn015,23,qbridge_qubit_2022,0,0.005634221250804962,0.0005296177603268851,9.081287862500176e-05,0.002105263157894737
qbridge_qubit_2022__hn016,1,qbridge_qubit_2022,0,0.01392983414473899,0.012086585415495689,0.0007380595779977739,0.03962177280255344
qbridge_qubit_2022__hn016,2,qbridge_qubit_2022,0,0.0055600744595381444,0.03780019955267346,8.807954873191193e-05,0.11075336003005938
qbridge_qubit_2022__hn016,3,qbridge_qubit_2022,0,0.0059090927000250695,0.09441963786316392,0.00010136271157534793,0.23891778955179696
qbridge_qubit_2022__hn016,4,qbridge_qubit_2022,0,0.0037421816088069344,0.09960657805902987,3.5365286748856306e-05,0.2492658906227176
qbridge_qubit_2022__hn017,1,qbridge_qubit_2022,0,0.0030102945060898295,1.637952455819221e-07,2.1429554180940613e-05,0.0
qbridge_qubit_2022__hn017,2,qbridge_qubit_2022,0,0.0034569372219431195,0.015804602286676312,2.9464390536304563e-05,0.05067300061629952
qbridge_qubit_2022__hn018,1,qbridge_qubit_2022,0,0.003522023737212936,0.0030529970070225588,3.075720087508671e-05,0.010989613572701808
qbridge_qubit_2022__hn018,2,qbridge_qubit_2022,0,0.005496871833839684,0.04052735216666423,8.578712004236877e-05,0.11769896533284163
qbridge_qubit_2022__hn019,1,qbridge_qubit_2022,0,0.002415611280026436,1.637952455819221e-07,1.291631178901298e-05,0.0
qbridge_qubit_2022__hn020,1,qbridge_qubit_2022,0,0.002672495843443378,0.0041363349568618556,1.6296191461151466e-05,0.014613289052994936
qbridge_qubit_2022__hn020,2,qbridge_qubit_2022,0,0.006921730602050687,0.053059116304328045,0.00014604000898543745,0.14845450183209294
qbridge_qubit_2022__hn020,3,qbridge_qubit_2022,0,0.0066021826279209946,0.034961338122729425,0.00013093762390781194,0.10341892727071583
qbridge_qubit_2022__hn021,2,qbridge_qubit_2022,0,0.20038394304412702,0.3912645560170658,0.35135501623153687,0.6373754708671224
qbridge_qubit_2022__hn021,3,qbridge_qubit_2022,0,0.0691624410974474,0.20916212873897724,0.032226208597421646,0.4311847612418446
qbridge_qubit_2022__hn021,5,qbridge_qubit_2022,0,0.016001437923087447,0.10884518784007939,0.0010190736502408981,0.2672231755947057
qbridge_qubit_2022__hn021,6,qbridge_qubit_2022,0,0.011958213236528964,0.1296529444276942,0.0005177714629098773,0.30561510346863335
qbridge_qubit_2022__hn021,7,qbridge_qubit_2022,0,0.02982225101331181,0.123632040109593,0.004376695957034826,0.29478315758941553
qbridge_qubit_2022__hn021,9,qbridge_qubit_2022,0,0.00776171148855457,0.01216867950823978,0.000190289894817397,0.03986946203939878
qbridge_qubit_2022__hn021,12,qbridge_qubit_2022,0,0.006936982771864987,0.016559824264608163,0.00014678441220894456,0.05287883205534774
qbridge_qubit_2022__hn022,2,qbridge_qubit_2022,0,0.05458997656595107,0.36691714552356386,0.018330616876482964,0.6144362836345642
qbridge_qubit_2022__hn022,3,qbridge_qubit_2022,0,0.06814036957392657,0.38341175292791513,0.03110184334218502,0.6301008224027288
qbridge_qubit_2022__hn022,5,qbridge_qubit_2022,0,0.2949697714226928,0.2226752381516247,0.6370898485183716,0.4498187653144751
qbridge_qubit_2022__hn022,7,qbridge_qubit_2022,0,0.2624319414165843,0.2163238113767347,0.5476295351982117,0.4411447699238847
qbridge_qubit_2022__hn022,20,qbridge_qubit_2022,0,0.11011062969831703,0.06931275444975388,0.09690113365650177,0.18583702866710297
qbridge_qubit_2022__hn022,39,qbridge_qubit_2022,0,0.06769624659086816,0.019888527207222374,0.03062046878039837,0.06245968449552842
qbridge_qubit_2022__hn022,58,qbridge_qubit_2022,0,0.025745088348232727,0.020294017157577456,0.0030977746937423944,0.06361180074509595
qbridge_qubit_2022__hn022,77,qbridge_qubit_2022,0,0.024842743783259017,0.006597971695404482,0.0028489679098129272,0.02260967846036496
qbridge_qubit_2022__hn023,2,qbridge_qubit_2022,0,0.02819285377300432,0.0673613235147728,0.003834679489955306,0.1814845933529576
qbridge_qubit_2022__hn023,3,qbridge_qubit_2022,0,0.08973704340396998,0.04401017560062773,0.059890907257795334,0.12643255328878086
qbridge_qubit_2022__hn023,5,qbridge_qubit_2022,0,0.014635716497133027,0.006443005406674825,0.0008279761532321572,0.022114357794132754
qbridge_qubit_2022__hn023,7,qbridge_qubit_2022,0,0.02120558579190515,0.0196861409162605,0.00196624593809247,0.06188346782742346
qbridge_qubit_2022__hn023,64,qbridge_qubit_2022,0,0.01267977847077308,0.0012434329571353044,0.0005932120839133859,0.0047153626076893405
qbridge_qubit_2022__hn023,127,qbridge_qubit_2022,0,0.006838964974096893,0.0026778513263421362,0.00014203813043422997,0.009715362607689342
qbridge_qubit_2022__hn023,190,qbridge_qubit_2022,0,0.005820217025245645,0.004167173596836631,9.787935414351523e-05,0.014715362607689339
qbridge_qubit_2022__hn023,253,qbridge_qubit_2022,0,0.0057714322914378825,0.0018390657212999117,9.599672193871811e-05,0.006820625765584077
qbridge_qubit_2022__hn024,1,qbridge_qubit_2022,0,0.0030102945060898295,1.637952455819221e-07,2.1429554180940613e-05,0.0
qbridge_qubit_2022__hn024,2,qbridge_qubit_2022,0,0.004090816958461224,0.01615633036650468,4.341842213761993e-05,0.0517018629715763
qbridge_qubit_2022__hn025,2,qbridge_qubit_2022,0,0.007409306335502885,0.0028088213545453137,0.00017091237532440573,0.010161503838151611
qbridge_qubit_2022__hn025,3,qbridge_qubit_2022,0,0.01880068883128442,0.010988993736142868,0.001484122360125184,0.036292876020011716
qbridge_qubit_2022__hn025,5,qbridge_qubit_2022,0,0.016862306575207604,0.02101985830702812,0.0011514137731865048,0.06566637115032849
qbridge_qubit_2022__hn025,7,qbridge_qubit_2022,0,0.00975227499621354,0.017142879073801673,0.0003227197448723018,0.054573414045358246
qbridge_qubit_2022__hn025,11,qbridge_qubit_2022,0,0.0043161859962300335,0.010196899945231052,4.912801523460075e-05,0.03386972160654304
qbridge_qubit_2022__hn025,22,qbridge_qubit_2022,0,0.00872331414535333,0.007403776826243804,0.00024930285871960223,0.025170082070944705
qbridge_qubit_2022__hn025,33,qbridge_qubit_2022,0,0.007345157241736832,0.006720895191240179,0.00016751229122746736,0.023001892755720753
qbridge_qubit_2022__hn025,43,qbridge_qubit_2022,0,0.020703798354331164,0.003178868081470924,0.0018591460539028049,0.011414728682170543
qbridge_qubit_2022__hn026,1,qbridge_qubit_2022,0,0.002415611280026436,1.637952455819221e-07,1.291631178901298e-05,0.0
qbridge_qubit_2022__hn027,1,qbridge_qubit_2022,0,0.00907033346399484,0.001657970686117911,0.00027285609394311905,0.006185692004074358
qbridge_qubit_2022__hn027,2,qbridge_qubit_2022,0,0.008278279836564637,0.016796623096929236,0.00022086100943852216,0.05356793131161308
qbridge_qubit_2022__hn027,3,qbridge_qubit_2022,0,0.015073299766842511,0.00810068917354888,0.000886722409632057,0.02736506562766333
qbridge_qubit_2022__hn028,2,qbridge_qubit_2022,0,0.01693202219917998,0.09931500729033799,0.0011625405168160796,0.2486893909815242
qbridge_qubit_2022__hn028,3,qbridge_qubit_2022,0,0.008833022273718965,0.015682640500619002,0.00025661784457042813,0.05031560638786482
qbridge_qubit_2022__hn028,4,qbridge_qubit_2022,0,0.009848610433444833,0.003533593164374605,0.0003301514661870897,0.012606707317073172
qbridge_qubit_2022__hn028,5,qbridge_qubit_2022,0,0.010888651254738127,0.0013231087594218604,0.0004166275030001998,0.005
qbridge_qubit_2022__hn028,6,qbridge_qubit_2022,0,0.009018223572801404,0.003533593164374605,0.0002692416019272059,0.012606707317073172
qbridge_qubit_2022__hn028,7,qbridge_qubit_2022,0,0.00945524656639522,0.0015292206227326044,0.00030041264835745096,0.005731707317073171
qbridge_qubit_2022__hn028,8,qbridge_qubit_2022,0,0.012452910336429668,1.637952455819221e-07,0.0005688572418875992,0.0
qbridge_qubit_2022__hn029,1,qbridge_qubit_2022,0,0.003176179759273064,1.637952455819221e-07,2.4245080567197874e-05,0.0
qbridge_qubit_2022__hn029,2,qbridge_qubit_2022,0,0.0025726818784689385,0.007702057175319772,1.493006493547e-05,0.026111666310591045
qbridge_qubit_2022__hn029,3,qbridge_qubit_2022,0,0.005647569835033786,0.005575460588927834,9.131000115303323e-05,0.019322713257965057
qbridge_qubit_2022__hn030,1,qbridge_qubit_2022,0,0.0020199010994752815,0.0011203939552125856,8.560376045352314e-06,0.004273653198653199
qbridge_qubit_2022__hn031,1,qbridge_qubit_2022,0,0.002413054244361237,0.003015661170833894,1.2884890566056129e-05,0.010863289052994935
qbridge_qubit_2022__hn031,2,qbridge_qubit_2022,0,0.006858270436445867,0.002703312086674598,0.00014296591689344496,0.009802204363670694
qbridge_qubit_2022__hn032,2,qbridge_qubit_2022,0,0.018478811625609503,0.042527094476027455,0.001425484661012888,0.12273186922246974
qbridge_qubit_2022__hn032,3,qbridge_qubit_2022,0,0.03584303107567105,0.24193343920407182,0.006753604393452406,0.4752495833391574
qbridge_qubit_2022__hn032,5,qbridge_qubit_2022,0,0.028171785971878846,0.1722935874410736,0.0038279443979263306,0.3766419043390003
qbridge_qubit_2022__hn032,7,qbridge_qubit_2022,0,0.01838201286443698,0.08181693861256323,0.0014081172412261367,0.21292262382956278
qbridge_qubit_2022__hn032,15,qbridge_qubit_2022,0,0.012306925191762864,0.022705135035752895,0.0005534946103580296,0.07039934638067276
qbridge_qubit_2022__hn032,29,qbridge_qubit_2022,0,0.007894490258324774,0.00798432392579493,0.0001979002117877826,0.0269997606004471
qbridge_qubit_2022__hn032,44,qbridge_qubit_2022,0,0.006383172148084574,0.000657193509619012,0.00012112583499401808,0.002581807780320366
qbridge_qubit_2022__hn032,58,qbridge_qubit_2022,0,0.013234637100317524,0.0025593189066296772,0.0006552637205459177,0.009310344827586206
qbridge_qubit_2022__hn033,2,qbridge_qubit_2022,0,0.013065549828269156,0.0067922017170615285,0.0006359781255014241,0.023229136688393156
qbridge_qubit_2022__hn033,3,qbridge_qubit_2022,0,0.01331439533221754,0.011359733354155905,0.0006644758395850658,0.03742095439616459
qbridge_qubit_2022__hn033,5,qbridge_qubit_2022,0,0.03249616482008855,0.027605012803519777,0.00535824429243803,0.08388145521549253
qbridge_qubit_2022__hn033,7,qbridge_qubit_2022,0,0.029537399615614187,0.023073603274716047,0.004278917796909809,0.07142737482397321
qbridge_qubit_2022__hn033,23,qbridge_qubit_2022,0,0.03127233498468881,0.007123477468172468,0.00489459652453661,0.02428226726437225
qbridge_qubit_2022__hn033,45,qbridge_qubit_2022,0,0.020371543395635645,0.0005803476119749941,0.001790137030184269,0.0022954545454545454
qbridge_qubit_2022__hn033,67,qbridge_qubit_2022,0,0.014521996787882595,0.0008083130823137201,0.0008130876231007278,0.003139602053915276
qbridge_qubit_2022__hn033,89,qbridge_qubit_2022,0,0.012441553864210874,0.000154915990012091,0.0005676535074599087,0.0006578947368421052
qbridge_qubit_2022__hn034,1,qbridge_qubit_2022,0,0.002056528768311803,0.0007516078508020458,8.921436347009148e-06,0.002931060606060606
feg_bridge_2024__hn000,1,feg_bridge_2024,0,0.2212922926901013,4.05149524997287e-07,0.3559437096118927,0.0
feg_bridge_2024__hn001,1,feg_bridge_2024,0,0.31756043500971953,4.05149524997287e-07,0.6559529304504395,0.0
feg_bridge_2024__hn002,1,feg_bridge_2024,0,0.31756043500971953,4.05149524997287e-07,0.6559529304504395,0.0
feg_bridge_2024__hn003,1,feg_bridge_2024,0,0.2391488687024968,4.05149524997287e-07,0.4158342778682709,0.0
feg_bridge_2024__hn003,2,feg_bridge_2024,0,0.1075540253195142,0.009877250003027646,0.0602525994181633,0.027391735473758515
feg_bridge_2024__hn004,1,feg_bridge_2024,0,0.2212922926901013,4.05149524997287e-07,0.3559437096118927,0.0
feg_bridge_2024__hn005,1,feg_bridge_2024,0,0.3763486593870935,0.007684537709884801,0.7855006456375122,0.021324552431055323
feg_bridge_2024__hn006,1,feg_bridge_2024,0,0.3763486593870935,0.007684537709884801,0.7855006456375122,0.021324552431055323
feg_bridge_2024__hn007,1,feg_bridge_2024,0,0.3404510949804263,4.05149524997287e-07,0.7121321558952332,0.0
feg_bridge_2024__hn008,1,feg_bridge_2024,0,0.3763486593870935,0.007684537709884801,0.7855006456375122,0.021324552431055323
feg_bridge_2024__hn009,1,feg_bridge_2024,0,0.2212922926901013,4.05149524997287e-07,0.3559437096118927,0.0
feg_bridge_2024__hn010,1,feg_bridge_2024,0,0.3404510949804263,4.05149524997287e-07,0.7121321558952332,0.0
feg_bridge_2024__hn011,1,feg_bridge_2024,0,0.31756043500971953,4.05149524997287e-07,0.6559529304504395,0.0
feg_bridge_2024__hn012,1,feg_bridge_2024,0,0.3763486593870935,0.007684537709884801,0.7855006456375122,0.021324552431055323
feg_bridge_2024__hn013,1,feg_bridge_2024,0,0.31756043500971953,4.05149524997287e-07,0.6559529304504395,0.0
feg_bridge_2024__hn014,1,feg_bridge_2024,0,0.2212922926901013,4.05149524997287e-07,0.3559437096118927,0.0
feg_bridge_2024__hn015,1,feg_bridge_2024,0,0.31756043500971953,4.05149524997287e-07,0.6559529304504395,0.0
feg_bridge_2024__hn016,1,feg_bridge_2024,0,0.2212922926901013,4.05149524997287e-07,0.3559437096118927,0.0
feg_bridge_2024__hn017,1,feg_bridge_2024,0,0.3763486593870935,0.007684537709884801,0.7855006456375122,0.021324552431055323
feg_bridge_2024__hn018,1,feg_bridge_2024,0,0.3763486593870935,0.007684537709884801,0.7855006456375122,0.021324552431055323
feg_bridge_2024__hn019,1,feg_bridge_2024,0,0.31756043500971953,4.05149524997287e-07,0.6559529304504395,0.0
feg_bridge_2024__hn020,1,feg_bridge_2024,0,0.3763486593870935,0.007684537709884801,0.7855006456375122,0.021324552431055323
feg_bridge_2024__hn021,1,feg_bridge_2024,0,0.31756043500971953,4.05149524997287e-07,0.6559529304504395,0.0
feg_bridge_2024__hn022,1,feg_bridge_2024,0,0.3404510949804263,4.05149524997287e-07,0.7121321558952332,0.0
feg_bridge_2024__hn023,1,feg_bridge_2024,0,0.31756043500971953,4.05149524997287e-07,0.6559529304504395,0.0
feg_bridge_2024__hn024,1,feg_bridge_2024,0,0.31756043500971953,4.05149524997287e-07,0.6559529304504395,0.0
feg_bridge_2024__hn025,1,feg_bridge_2024,0,0.2212922926901013,4.05149524997287e-07,0.3559437096118927,0.0
feg_bridge_2024__hn027,1,feg_bridge_2024,0,0.31756043500971953,4.05149524997287e-07,0.6559529304504395,0.0
feg_bridge_2024__hn028,1,feg_bridge_2024,0,0.2212922926901013,4.05149524997287e-07,0.3559437096118927,0.0
feg_bridge_2024__hn029,1,feg_bridge_2024,0,0.2212922926901013,4.05149524997287e-07,0.3559437096118927,0.0
feg_bridge_2024__hn030,1,feg_bridge_2024,0,0.3404510949804263,4.05149524997287e-07,0.7121321558952332,0.0
feg_bridge_2024__hn031,1,feg_bridge_2024,0,0.2212922926901013,4.05149524997287e-07,0.3559437096118927,0.0
chibi_finance_2023__hn000,1,chibi_finance_2023,0,0.002570181505412332,3.4271900762898296e-05,1.029547092912253e-05,0.00011904761904761905
chibi_finance_2023__hn001,1,chibi_finance_2023,0,0.0026535587414822153,3.4271900762898296e-05,1.1119295777461957e-05,0.00011904761904761905
chibi_finance_2023__hn002,1,chibi_finance_2023,0,0.0038039470718329075,3.4271900762898296e-05,2.651065915415529e-05,0.00011904761904761905
chibi_finance_2023__hn002,2,chibi_finance_2023,0,0.005240350679971774,0.013796308317140623,5.747802060795948e-05,0.04367970993948937
chibi_finance_2023__hn002,3,chibi_finance_2023,0,0.013285603789387541,0.03412800559786521,0.0005487958551384509,0.1025487376291228
chibi_finance_2023__hn003,1,chibi_finance_2023,0,0.002570181505412332,3.4271900762898296e-05,1.029547092912253e-05,0.00011904761904761905
chibi_finance_2023__hn004,2,chibi_finance_2023,0,0.05028460947092736,0.02603884249514362,0.014567019417881966,0.07978937163581508
chibi_finance_2023__hn004,3,chibi_finance_2023,0,0.019716470680175437,0.007566111128209937,0.0014393712626770139,0.024435836834733892
chibi_finance_2023__hn004,4,chibi_finance_2023,0,0.015882228601124034,0.0053430980071304595,0.000848178518936038,0.017404586834733893
chibi_finance_2023__hn004,5,chibi_finance_2023,0,0.019273392424414986,0.008209049736556742,0.0013614309718832374,0.026452205882352944
chibi_finance_2023__hn004,6,chibi_finance_2023,0,0.020178261515842955,0.008209049736556742,0.0015233823796734214,0.026452205882352944
chibi_finance_2023__hn004,7,chibi_finance_2023,0,0.019929701280443753,0.008209049736556742,0.0014778085751459002,0.026452205882352944
chibi_finance_2023__hn004,8,chibi_finance_2023,0,0.019929701280443753,0.008209049736556742,0.0014778085751459002,0.026452205882352944
chibi_finance_2023__hn005,1,chibi_finance_2023,0,0.002570181505412332,3.4271900762898296e-05,1.029547092912253e-05,0.00011904761904761905
chibi_finance_2023__hn006,1,chibi_finance_2023,0,0.0031901307481490243,3.4271900762898296e-05,1.7337330064037815e-05,0.00011904761904761905
chibi_finance_2023__hn006,2,chibi_finance_2023,0,0.002743269537689331,0.01728829524122374,1.2047514246660285e-05,0.05419754533596606
chibi_finance_2023__hn007,1,chibi_finance_2023,0,0.0031901307481490243,3.4271900762898296e-05,1.7337330064037815e-05,0.00011904761904761905
chibi_finance_2023__hn007,2,chibi_finance_2023,0,0.005887116557131541,0.007964106402087064,7.615939830429852e-05,0.02568489679927188
chibi_finance_2023__hn008,1,chibi_finance_2023,0,0.002570181505412332,3.4271900762898296e-05,1.029547092912253e-05,0.00011904761904761905
chibi_finance_2023__hn009,1,chibi_finance_2023,0,0.0031901307481490243,3.4271900762898296e-05,1.7337330064037815e-05,0.00011904761904761905
chibi_finance_2023__hn009,2,chibi_finance_2023,0,0.0036854423110042425,0.021215279390621695,2.4560758902225643e-05,0.06581323327639177
chibi_finance_2023__hn010,1,chibi_finance_2023,0,0.0031901307481490243,3.4271900762898296e-05,1.7337330064037815e-05,0.00011904761904761905
chibi_finance_2023__hn010,2,chibi_finance_2023,0,0.004601659323976322,0.007548925391718744,4.198458555038087e-05,0.024381836788681697
chibi_finance_2023__hn011,1,chibi_finance_2023,0,0.0031901307481490243,3.4271900762898296e-05,1.7337330064037815e-05,0.00011904761904761905
chibi_finance_2023__hn011,2,chibi_finance_2023,0,0.0025237474688075893,0.005033605959502649,9.852713446889538e-06,0.01641796464378545
chibi_finance_2023__hn012,1,chibi_finance_2023,0,0.002570181505412332,3.4271900762898296e-05,1.029547092912253e-05,0.00011904761904761905
chibi_finance_2023__hn013,1,chibi_finance_2023,0,0.0031901307481490243,3.4271900762898296e-05,1.7337330064037815e-05,0.00011904761904761905
chibi_finance_2023__hn013,2,chibi_finance_2023,0,0.0028351020211807173,0.009935134227049634,1.3043200851825532e-05,0.031829571138058725
chibi_finance_2023__hn014,1,chibi_finance_2023,0,0.002570181505412332,3.4271900762898296e-05,1.029547092912253e-05,0.00011904761904761905
chibi_finance_2023__hn015,2,chibi_finance_2023,0,0.0225400818238768,0.023944071352458098,0.0019986273255199194,0.0737582909324627
chibi_finance_2023__hn015,3,chibi_finance_2023,0,0.016730974330448428,0.022345299528374114,0.0009631930151954293,0.06911568552167581
chibi_finance_2023__hn015,5,chibi_finance_2023,0,0.009312704061709002,0.008020905204711224,0.00023134404909797013,0.025862920168067228
chibi_finance_2023__hn015,6,chibi_finance_2023,0,0.006694528953616553,0.0031419409720810343,0.00010394338460173458,0.010342086834733895
chibi_finance_2023__hn016,1,chibi_finance_2023,0,0.002570181505412332,3.4271900762898296e-05,1.029547092912253e-05,0.00011904761904761905
chibi_finance_2023__hn017,1,chibi_finance_2023,0,0.002570181505412332,3.4271900762898296e-05,1.029547092912253e-05,0.00011904761904761905
chibi_finance_2023__hn018,1,chibi_finance_2023,0,0.0031901307481490243,3.4271900762898296e-05,1.7337330064037815e-05,0.00011904761904761905
chibi_finance_2023__hn018,2,chibi_finance_2023,0,0.0031796311761325548,0.005872883272720536,1.719998545013368e-05,0.019088956302728916
chibi_finance_2023__hn019,1,chibi_finance_2023,0,0.002570181505412332,3.4271900762898296e-05,1.029547092912253e-05,0.00011904761904761905
chibi_finance_2023__hn020,1,chibi_finance_2023,0,0.002570181505412332,3.4271900762898296e-05,1.029547092912253e-05,0.00011904761904761905
chibi_finance_2023__hn021,1,chibi_finance_2023,0,0.002570181505412332,3.4271900762898296e-05,1.029547092912253e-05,0.00011904761904761905
chibi_finance_2023__hn022,1,chibi_finance_2023,0,0.002570181505412332,3.4271900762898296e-05,1.029547092912253e-05,0.00011904761904761905
chibi_finance_2023__hn023,1,chibi_finance_2023,0,0.002570181505412332,3.4271900762898296e-05,1.029547092912253e-05,0.00011904761904761905
chibi_finance_2023__hn024,1,chibi_finance_2023,0,0.002570181505412332,3.4271900762898296e-05,1.029547092912253e-05,0.00011904761904761905
wooppv2_2024__hn000,1,wooppv2_2024,0,0.002579476256859813,6.699658296430453e-08,2.0225155822117813e-05,0.0
wooppv2_2024__hn001,2,wooppv2_2024,0,0.008508072093348218,0.015474990412593304,0.0003403068403713405,0.05469951986708344
wooppv2_2024__hn001,3,wooppv2_2024,0,0.004248706616004573,0.02533926396405848,6.572535494342446e-05,0.0829129100301588
wooppv2_2024__hn001,4,wooppv2_2024,0,0.005970617579473799,0.012583966701195666,0.00014698889572173357,0.0458415292626726
wooppv2_2024__hn001,5,wooppv2_2024,0,0.005942322928125376,0.013363273065174102,0.00014534499496221542,0.04826157588271922
wooppv2_2024__hn002,1,wooppv2_2024,0,0.00327765789610232,6.699658296430453e-08,3.560259938240051e-05,0.0
wooppv2_2024__hn002,2,wooppv2_2024,0,0.003894063594579163,0.013960814940488727,5.348974445951171e-05,0.05010051387026736
wooppv2_2024__hn002,3,wooppv2_2024,0,0.00400560031121923,0.014705610215619596,5.7181161537300795e-05,0.05237329214641103
wooppv2_2024__hn003,1,wooppv2_2024,0,0.00327765789610232,6.699658296430453e-08,3.560259938240051e-05,0.0
wooppv2_2024__hn003,2,wooppv2_2024,0,0.003565420320701825,0.012788723614559998,4.3431173253338784e-05,0.046479824215094945
wooppv2_2024__hn003,3,wooppv2_2024,0,0.00400560031121923,0.019434524717205595,5.7181161537300795e-05,0.06635737653178038
wooppv2_2024__hn004,1,wooppv2_2024,0,0.002579476256859813,6.699658296430453e-08,2.0225155822117813e-05,0.0
wooppv2_2024__hn005,1,wooppv2_2024,0,0.00327765789610232,6.699658296430453e-08,3.560259938240051e-05,0.0
wooppv2_2024__hn005,2,wooppv2_2024,0,0.004239137603322393,0.02068595810618363,6.537598528666422e-05,0.06994291176884795
wooppv2_2024__hn005,3,wooppv2_2024,0,0.0029536760414465204,0.004812260870937775,2.7845497243106365e-05,0.019937156642081795
wooppv2_2024__hn006,1,wooppv2_2024,0,0.002579476256859813,6.699658296430453e-08,2.0225155822117813e-05,0.0
wooppv2_2024__hn007,1,wooppv2_2024,0,0.002579476256859813,6.699658296430453e-08,2.0225155822117813e-05,0.0
wooppv2_2024__hn008,1,wooppv2_2024,0,0.003872392829307511,7.850519485175194e-05,5.2789022447541356e-05,0.0005263157894736842
wooppv2_2024__hn009,1,wooppv2_2024,0,0.002579476256859813,6.699658296430453e-08,2.0225155822117813e-05,0.0
wooppv2_2024__hn010,1,wooppv2_2024,0,0.002579476256859813,6.699658296430453e-08,2.0225155822117813e-05,0.0
wooppv2_2024__hn011,1,wooppv2_2024,0,0.003872392829307511,7.850519485175194e-05,5.2789022447541356e-05,0.0005263157894736842
wooppv2_2024__hn012,1,wooppv2_2024,0,0.004139103591075958,0.00021856696631544398,6.178802868817002e-05,0.001304093567251462
wooppv2_2024__hn013,1,wooppv2_2024,0,0.002579476256859813,6.699658296430453e-08,2.0225155822117813e-05,0.0
wooppv2_2024__hn014,1,wooppv2_2024,0,0.002579476256859813,6.699658296430453e-08,2.0225155822117813e-05,0.0
wooppv2_2024__hn015,2,wooppv2_2024,0,0.0043700905292971305,0.028870781861239727,7.025098602753133e-05,0.09241584714313829
wooppv2_2024__hn015,3,wooppv2_2024,0,0.004360638051644698,0.025374168077566858,6.989229586906731e-05,0.08300819447144363
wooppv2_2024__hn015,5,wooppv2_2024,0,0.0038678679933213536,0.011701865571045003,5.264338687993586e-05,0.043070994695949605
wooppv2_2024__hn015,6,wooppv2_2024,0,0.0040933172836565964,0.015151202730911932,6.0184775065863505e-05,0.05372315398631687
wooppv2_2024__hn016,1,wooppv2_2024,0,0.002579476256859813,6.699658296430453e-08,2.0225155822117813e-05,0.0
wooppv2_2024__hn017,1,wooppv2_2024,0,0.003872392829307511,7.850519485175194e-05,5.2789022447541356e-05,0.0005263157894736842
wooppv2_2024__hn018,1,wooppv2_2024,0,0.002579476256859813,6.699658296430453e-08,2.0225155822117813e-05,0.0
wooppv2_2024__hn019,1,wooppv2_2024,0,0.0030739012652308195,6.699658296430453e-08,3.059589289478026e-05,0.0
wooppv2_2024__hn020,1,wooppv2_2024,0,0.003872392829307511,7.850519485175194e-05,5.2789022447541356e-05,0.0005263157894736842
wooppv2_2024__hn021,1,wooppv2_2024,0,0.002579476256859813,6.699658296430453e-08,2.0225155822117813e-05,0.0
wooppv2_2024__hn022,1,wooppv2_2024,0,0.002579476256859813,6.699658296430453e-08,2.0225155822117813e-05,0.0
wooppv2_2024__hn023,1,wooppv2_2024,0,0.004139103591075958,0.00021856696631544398,6.178802868817002e-05,0.001304093567251462
wooppv2_2024__hn024,1,wooppv2_2024,0,0.003872392829307511,7.850519485175194e-05,5.2789022447541356e-05,0.0005263157894736842
utopiasphere_2024__hn000,1,utopiasphere_2024,0,0.0017794813967456835,7.449012061300979e-05,1.4334264051285572e-05,0.00032426106113456947
utopiasphere_2024__hn000,2,utopiasphere_2024,0,0.004562357590660346,0.024333822131583718,0.00011004810949089006,0.08114247443435742
utopiasphere_2024__hn000,3,utopiasphere_2024,0,0.006896895196971407,0.022033652893746713,0.0002698367752600461,0.07412684160717721
utopiasphere_2024__hn001,2,utopiasphere_2024,0,0.0143837332498265,0.050681003965603516,0.0013390163658186793,0.1553898468190906
utopiasphere_2024__hn001,3,utopiasphere_2024,0,0.010016756604436601,0.025402097292144814,0.0006077871075831354,0.08436757569646465
utopiasphere_2024__hn001,5,utopiasphere_2024,0,0.005088758780034127,0.03511857373687506,0.00013945391401648521,0.11280620421508634
utopiasphere_2024__hn001,7,utopiasphere_2024,0,0.02341983201795918,0.040498306038808045,0.003902116557583213,0.12791286328005047
utopiasphere_2024__hn001,58,utopiasphere_2024,0,0.009464874618456324,0.0027045505912115545,0.0005371954757720232,0.010283769370725893
utopiasphere_2024__hn001,115,utopiasphere_2024,0,0.004992958769716669,0.0027045505912115545,0.00013382160977926105,0.010283769370725893
utopiasphere_2024__hn001,172,utopiasphere_2024,0,0.001151591615943149,0.0003919786659865481,5.5953887567739e-06,0.0016068677085626238
utopiasphere_2024__hn001,229,utopiasphere_2024,0,0.0037962645226002627,0.0005335423030751368,7.38842791179195e-05,0.0021624232641181793
utopiasphere_2024__hn002,1,utopiasphere_2024,0,0.0015911677171128633,7.580200163575811e-06,1.1254905075475108e-05,3.579952267303103e-05
utopiasphere_2024__hn003,1,utopiasphere_2024,0,0.0012985528012142273,7.449012061300979e-05,7.253725016198587e-06,0.00032426106113456947
utopiasphere_2024__hn004,2,utopiasphere_2024,0,0.007375296899259106,0.04919819063481197,0.0003121797926723957,0.15147469759897686
utopiasphere_2024__hn004,3,utopiasphere_2024,0,0.0042172060714082225,0.0015502834158557094,9.27937071537599e-05,0.006031746031746032
utopiasphere_2024__hn004,5,utopiasphere_2024,0,0.008872867792279599,0.004966347009282322,0.0004667163884732872,0.018369338546757902
utopiasphere_2024__hn004,6,utopiasphere_2024,0,0.006826309764070482,0.006492345124796001,0.0002638720325194299,0.023691919191919188
utopiasphere_2024__hn005,1,utopiasphere_2024,0,0.0015911677171128633,7.580200163575811e-06,1.1254905075475108e-05,3.579952267303103e-05
utopiasphere_2024__hn006,1,utopiasphere_2024,0,0.0015911677171128633,7.580200163575811e-06,1.1254905075475108e-05,3.579952267303103e-05
utopiasphere_2024__hn007,1,utopiasphere_2024,0,0.0015911677171128633,7.580200163575811e-06,1.1254905075475108e-05,3.579952267303103e-05
utopiasphere_2024__hn008,1,utopiasphere_2024,0,0.0017794813967456835,7.580200163575811e-06,1.4334264051285572e-05,3.579952267303103e-05
utopiasphere_2024__hn008,2,utopiasphere_2024,0,0.00430329230755872,0.024137619350924094,9.694858454167843e-05,0.08054788521348144
utopiasphere_2024__hn008,3,utopiasphere_2024,0,0.014020643972905577,0.03697352792195019,0.0012662055669352412,0.11806373261148312
utopiasphere_2024__hn009,1,utopiasphere_2024,0,0.0017794813967456835,7.449012061300979e-05,1.4334264051285572e-05,0.00032426106113456947
utopiasphere_2024__hn009,2,utopiasphere_2024,0,0.004562357590660346,0.02297733171341589,0.00011004810949089006,0.07701710814565824
utopiasphere_2024__hn009,3,utopiasphere_2024,0,0.005377784166833276,0.01934284239681435,0.00015721094678156078,0.06579053738852006
utopiasphere_2024__hn010,1,utopiasphere_2024,0,0.0015911677171128633,7.580200163575811e-06,1.1254905075475108e-05,3.579952267303103e-05
utopiasphere_2024__hn011,1,utopiasphere_2024,0,0.0015911677171128633,7.580200163575811e-06,1.1254905075475108e-05,3.579952267303103e-05
utopiasphere_2024__hn012,1,utopiasphere_2024,0,0.0015911677171128633,7.580200163575811e-06,1.1254905075475108e-05,3.579952267303103e-05
utopiasphere_2024__hn014,1,utopiasphere_2024,0,0.0012985528012142273,7.449012061300979e-05,7.253725016198587e-06,0.00032426106113456947
utopiasphere_2024__hn015,1,utopiasphere_2024,0,0.0015911677171128633,7.580200163575811e-06,1.1254905075475108e-05,3.579952267303103e-05
utopiasphere_2024__hn016,1,utopiasphere_2024,0,0.0015911677171128633,7.580200163575811e-06,1.1254905075475108e-05,3.579952267303103e-05
utopiasphere_2024__hn017,2,utopiasphere_2024,0,0.006533965032246891,0.026326886666839848,0.00023993587819859385,0.08714295646341894
utopiasphere_2024__hn017,3,utopiasphere_2024,0,0.008381470531703706,0.02614508619252515,0.00041228803456760943,0.08659855466381655
utopiasphere_2024__hn017,5,utopiasphere_2024,0,0.005922100704778857,0.008333311003658314,0.00019380488083697855,0.03
utopiasphere_2024__hn017,6,utopiasphere_2024,0,0.004148465815994968,0.00369673760352452,8.954654185799882e-05,0.0138640707118968
utopiasphere_2024__hn018,1,utopiasphere_2024,0,0.001643299161076135,7.580200163575811e-06,1.2067350326105952e-05,3.579952267303103e-05
utopiasphere_2024__hn018,2,utopiasphere_2024,0,0.0022420269175698147,0.010479066207943685,2.362723898841068e-05,0.03721775577149438
utopiasphere_2024__hn019,1,utopiasphere_2024,0,0.0015911677171128633,7.580200163575811e-06,1.1254905075475108e-05,3.579952267303103e-05
utopiasphere_2024__hn020,1,utopiasphere_2024,0,0.0017794813967456835,7.449012061300979e-05,1.4334264051285572e-05,0.00032426106113456947
utopiasphere_2024__hn020,2,utopiasphere_2024,0,0.004562357590660346,0.024333822131583718,0.00011004810949089006,0.08114247443435742
utopiasphere_2024__hn020,3,utopiasphere_2024,0,0.005475571419519934,0.0195207275340549,0.00016348029021173716,0.0663460929440756
utopiasphere_2024__hn021,1,utopiasphere_2024,0,0.0012985528012142273,7.580200163575811e-06,7.253725016198587e-06,3.579952267303103e-05
utopiasphere_2024__hn022,1,utopiasphere_2024,0,0.001643299161076135,7.580200163575811e-06,1.2067350326105952e-05,3.579952267303103e-05
utopiasphere_2024__hn022,2,utopiasphere_2024,0,0.004233650222704823,0.008054773184709312,9.357977251056582e-05,0.02905282888376538
utopiasphere_2024__hn024,1,utopiasphere_2024,0,0.001643299161076135,7.580200163575811e-06,1.2067350326105952e-05,3.579952267303103e-05
utopiasphere_2024__hn024,2,utopiasphere_2024,0,0.0024663117912057087,0.009643288278934316,2.904034590756055e-05,0.03442249032809632
xkingdom_2024__hn000,1,xkingdom_2024,0,0.0038496283701720748,6.656288490635111e-05,2.8116308385506272e-05,0.00012032085561497325
xkingdom_2024__hn000,2,xkingdom_2024,0,0.007291266420714334,0.023932224857624442,0.00013226350711192936,0.06137115001411313
xkingdom_2024__hn001,1,xkingdom_2024,0,0.0038496283701720748,6.656288490635111e-05,2.8116308385506272e-05,0.00012032085561497325
xkingdom_2024__hn001,2,xkingdom_2024,0,0.004279603728698235,0.0069846020170843985,3.633269079728052e-05,0.01698377124271325
xkingdom_2024__hn002,1,xkingdom_2024,0,0.00398324233590774,6.656288490635111e-05,3.053730324609205e-05,0.00012032085561497325
xkingdom_2024__hn002,2,xkingdom_2024,0,0.005448993995501239,0.02570333293541655,6.523928459500894e-05,0.06602275037774706
xkingdom_2024__hn002,3,xkingdom_2024,0,0.005875932691625291,0.023384380788199665,7.833466224838048e-05,0.05993099672474745
xkingdom_2024__hn003,1,xkingdom_2024,0,0.002719861056934679,6.656288490635111e-05,1.2132639312767424e-05,0.00012032085561497325
xkingdom_2024__hn004,1,xkingdom_2024,0,0.0032897216209036174,0.00036226212479099754,1.9220640751882456e-05,0.0007318316469818797
xkingdom_2024__hn005,1,xkingdom_2024,0,0.00398324233590774,6.656288490635111e-05,3.053730324609205e-05,0.00012032085561497325
xkingdom_2024__hn005,2,xkingdom_2024,0,0.005448993995501239,0.02570333293541655,6.523928459500894e-05,0.06602275037774706
xkingdom_2024__hn005,3,xkingdom_2024,0,0.00602691747540837,0.02251899198573954,8.330699347425252e-05,0.0576550466396652
xkingdom_2024__hn006,1,xkingdom_2024,0,0.002719861056934679,6.656288490635111e-05,1.2132639312767424e-05,0.00012032085561497325
xkingdom_2024__hn007,1,xkingdom_2024,0,0.002719861056934679,6.656288490635111e-05,1.2132639312767424e-05,0.00012032085561497325
xkingdom_2024__hn008,1,xkingdom_2024,0,0.002719861056934679,6.656288490635111e-05,1.2132639312767424e-05,0.00012032085561497325
xkingdom_2024__hn009,1,xkingdom_2024,0,0.0038496283701720748,6.656288490635111e-05,2.8116308385506272e-05,0.00012032085561497325
xkingdom_2024__hn009,2,xkingdom_2024,0,0.004279603728698235,0.0069846020170843985,3.633269079728052e-05,0.01698377124271325
xkingdom_2024__hn010,1,xkingdom_2024,0,0.00398324233590774,6.656288490635111e-05,3.053730324609205e-05,0.00012032085561497325
xkingdom_2024__hn010,2,xkingdom_2024,0,0.005448993995501239,0.02570333293541655,6.523928459500894e-05,0.06602275037774706
xkingdom_2024__hn010,3,xkingdom_2024,0,0.00543372573183559,0.02251899198573954,6.47969645797275e-05,0.0576550466396652
xkingdom_2024__hn011,1,xkingdom_2024,0,0.0036370524088186603,0.0027980780819640257,2.4504586690454744e-05,0.0064461173612675934
xkingdom_2024__hn012,1,xkingdom_2024,0,0.0038496283701720748,6.656288490635111e-05,2.8116308385506272e-05,0.00012032085561497325
xkingdom_2024__hn012,2,xkingdom_2024,0,0.004279603728698235,0.0069846020170843985,3.633269079728052e-05,0.01698377124271325
xkingdom_2024__hn013,1,xkingdom_2024,0,0.00398324233590774,6.656288490635111e-05,3.053730324609205e-05,0.00012032085561497325
xkingdom_2024__hn013,2,xkingdom_2024,0,0.005448993995501239,0.02570333293541655,6.523928459500894e-05,0.06602275037774706
xkingdom_2024__hn013,3,xkingdom_2024,0,0.00543372573183559,0.02428957058254113,6.47969645797275e-05,0.06231021905345831
xkingdom_2024__hn014,1,xkingdom_2024,0,0.002719861056934679,6.656288490635111e-05,1.2132639312767424e-05,0.00012032085561497325
xkingdom_2024__hn015,1,xkingdom_2024,0,0.002719861056934679,6.656288490635111e-05,1.2132639312767424e-05,0.00012032085561497325
xkingdom_2024__hn016,1,xkingdom_2024,0,0.002719861056934679,6.656288490635111e-05,1.2132639312767424e-05,0.00012032085561497325
xkingdom_2024__hn017,1,xkingdom_2024,0,0.00398324233590774,6.656288490635111e-05,3.053730324609205e-05,0.00012032085561497325
xkingdom_2024__hn017,2,xkingdom_2024,0,0.005448993995501239,0.02570333293541655,6.523928459500894e-05,0.06602275037774706
xkingdom_2024__hn017,3,xkingdom_2024,0,0.00543372573183559,0.02428957058254113,6.47969645797275e-05,0.06231021905345831
xkingdom_2024__hn018,1,xkingdom_2024,0,0.002719861056934679,6.656288490635111e-05,1.2132639312767424e-05,0.00012032085561497325
xkingdom_2024__hn019,1,xkingdom_2024,0,0.002719861056934679,6.656288490635111e-05,1.2132639312767424e-05,0.00012032085561497325
xkingdom_2024__hn020,1,xkingdom_2024,0,0.005840268362391482,0.0006866044184260607,7.718643610132858e-05,0.001446117361267594
xkingdom_2024__hn020,2,xkingdom_2024,0,0.0063142734447014705,0.031045211865987517,9.327374573331326e-05,0.08000005449076954
xkingdom_2024__hn020,3,xkingdom_2024,0,0.006809049710388569,0.03507728075303965,0.00011201598681509495,0.09048237468890098
xkingdom_2024__hn021,1,xkingdom_2024,0,0.005840268362391482,0.0006866044184260607,7.718643610132858e-05,0.001446117361267594
xkingdom_2024__hn021,2,xkingdom_2024,0,0.0063142734447014705,0.031045211865987517,9.327374573331326e-05,0.08000005449076954
xkingdom_2024__hn021,3,xkingdom_2024,0,0.006809049710388569,0.03507728075303965,0.00011201598681509495,0.09048237468890098
wault_finance_2021__hn000,2,wault_finance_2021,0,0.01339749814323808,0.012680160721591237,0.0007244349108077586,0.036886779160802574
wault_finance_2021__hn000,3,wault_finance_2021,0,0.011272878928767377,0.010852237056778897,0.00048117159167304635,0.03163783783455769
wault_finance_2021__hn000,5,wault_finance_2021,0,0.01942015555463086,0.015345098503942486,0.0017513158963993192,0.04448422970559744
wault_finance_2021__hn000,7,wault_finance_2021,0,0.006153503266732736,0.011315727449762392,0.00011520966654643416,0.03297161666906241
wault_finance_2021__hn000,113,wault_finance_2021,0,0.008783102662014488,0.00448438327676954,0.0002666875661816448,0.013132438004987026
wault_finance_2021__hn000,225,wault_finance_2021,0,0.0037524661464382885,0.0047510249893818425,3.59760488208849e-05,0.01391327311190909
wault_finance_2021__hn000,337,wault_finance_2021,0,0.0023225391213922398,0.004857377102708421,1.1657873074000236e-05,0.014224598930481282
wault_finance_2021__hn000,449,wault_finance_2021,0,0.002320824308244802,0.0031517583419578407,1.163767865364207e-05,0.009224598930481283
wault_finance_2021__hn001,2,wault_finance_2021,0,0.12143073998017306,0.13270917217880338,0.14239010214805603,0.3181515764566998
wault_finance_2021__hn001,3,wault_finance_2021,0,0.06473185539940193,0.09711892672270579,0.03182032331824303,0.24640262938933305
wault_finance_2021__hn001,5,wault_finance_2021,0,0.030259830735485667,0.029532316071630815,0.005061880685389042,0.08379304706670637
wault_finance_2021__hn001,7,wault_finance_2021,0,0.035748220290743295,0.039460099916742944,0.007559948600828648,0.11016034895195748
wault_finance_2021__hn001,89,wault_finance_2021,0,0.019650394051082917,0.05332123623920997,0.0018012284999713302,0.14545728770065408
wault_finance_2021__hn001,177,wault_finance_2021,0,0.010559694774282558,0.0635567278976651,0.00041221611900255084,0.17043649413139778
wault_finance_2021__hn001,265,wault_finance_2021,0,0.008161229948102509,0.0765758553962537,0.0002242303016828373,0.20094722064407836
wault_finance_2021__hn001,353,wault_finance_2021,0,0.007669999272915692,0.07580393621420466,0.00019367133791092783,0.1991762794452222
wault_finance_2021__hn002,1,wault_finance_2021,0,0.006681840035305745,0.0009127507824285389,0.00013989355647936463,0.002653330276281096
wault_finance_2021__hn003,2,wault_finance_2021,0,0.02611893719707186,0.01808108292634357,0.003555994713678956,0.05221477647258765
wault_finance_2021__hn003,3,wault_finance_2021,0,0.04976539635112339,0.04906729745425229,0.016819417476654053,0.1348082312739327
wault_finance_2021__hn003,5,wault_finance_2021,0,0.03436794001111893,0.02623074409596191,0.006875661667436361,0.07481752153706087
wault_finance_2021__hn003,7,wault_finance_2021,0,0.0184395929937931,0.02345547199523422,0.0015478904824703932,0.06719200195165734
wault_finance_2021__hn003,213,wault_finance_2021,0,0.013827952214641554,0.015555381844335692,0.0007808774244040251,0.045080899932633256
wault_finance_2021__hn003,425,wault_finance_2021,0,0.006263526983533517,0.010339126157404023,0.0001201223858515732,0.030159040206400457
wault_finance_2021__hn003,638,wault_finance_2021,0,0.0034700686352448712,0.009417395080212434,2.9933167752460577e-05,0.027496797687015087
wault_finance_2021__hn003,850,wault_finance_2021,0,0.004369674760134551,0.00986381609379871,5.146512921783142e-05,0.028787120267660237
wault_finance_2021__hn004,2,wault_finance_2021,0,0.026724237971898157,0.01661446655409928,0.003756709164008498,0.04807966475839299
wault_finance_2021__hn004,3,wault_finance_2021,0,0.020645742573622363,0.015731273329976602,0.002026560716331005,0.04557966475839299
wault_finance_2021__hn004,5,wault_finance_2021,0,0.0171925933950072,0.014976597057837914,0.001310192048549652,0.04343761930384753
wault_finance_2021__hn004,7,wault_finance_2021,0,0.012138309514589656,0.014250161696616689,0.0005732982535846531,0.04137068435200693
wault_finance_2021__hn004,110,wault_finance_2021,0,0.011692288381205628,0.002046487280023809,0.0005246458458714187,0.005979302698600944
wault_finance_2021__hn004,220,wault_finance_2021,0,0.007215433604073469,0.002322216835593278,0.0001676768733887002,0.006788994151312993
wault_finance_2021__hn004,330,wault_finance_2021,0,0.007925865074128832,0.003058634146272706,0.0002092648355755955,0.008951251646903823
wault_finance_2021__hn004,439,wault_finance_2021,0,0.009920244421305542,0.005025994635951159,0.00035559755633585155,0.014718054288706463
wault_finance_2021__hn005,1,wault_finance_2021,0,0.0026054414675489293,3.684258704932785e-07,1.5268993593053892e-05,0.0
wault_finance_2021__hn006,2,wault_finance_2021,0,0.027333497453614786,0.017851068377737006,0.003965340554714203,0.05156760607990641
wault_finance_2021__hn006,3,wault_finance_2021,0,0.024215739428113812,0.01122159073668506,0.0029667585622519255,0.0327008763943781
wault_finance_2021__hn006,5,wault_finance_2021,0,0.01455486644376484,0.014236033445117221,0.0008818552014417946,0.04133043618527742
wault_finance_2021__hn006,7,wault_finance_2021,0,0.008927825709678802,0.014966114133950876,0.0002771845320239663,0.04340782725960807
wault_finance_2021__hn006,250,wault_finance_2021,0,0.004518968542453797,0.014240180088030557,5.569711356656626e-05,0.04134224921832823
wault_finance_2021__hn006,500,wault_finance_2021,0,0.00393969131404805,0.014384258951699643,4.033884033560753e-05,0.04175260413476493
wault_finance_2021__hn006,750,wault_finance_2021,0,0.002903960452918165,0.01691703310329541,1.969876029761508e-05,0.048934422316583105
wault_finance_2021__hn006,1000,wault_finance_2021,0,0.005886767235206684,0.02090715106497303,0.0001037885740515776,0.060124935115713034
wault_finance_2021__hn007,2,wault_finance_2021,0,0.019859806372989307,0.028480416568773276,0.001847343402914703,0.08094469927789033
wault_finance_2021__hn007,3,wault_finance_2021,0,0.006755975265413057,0.024811262385860344,0.00014358015323523432,0.07092649539413562
wault_finance_2021__hn007,5,wault_finance_2021,0,0.004403192306259101,0.03145320833443469,5.239847450866364e-05,0.08896728009257007
wault_finance_2021__hn007,7,wault_finance_2021,0,0.008987100479920268,0.06359183608027044,0.0002815518237184733,0.17052064172361064
wault_finance_2021__hn007,9,wault_finance_2021,0,0.00895561623873661,0.05517086568202269,0.00027922718436457217,0.15003794591304598
wault_finance_2021__hn008,1,wault_finance_2021,0,0.0036748144717122233,3.684258704932785e-07,3.425051909289323e-05,0.0
wault_finance_2021__hn008,2,wault_finance_2021,0,0.003469284367368207,0.012635687775910877,2.991727160406299e-05,0.03675943383721329
wault_finance_2021__hn008,3,wault_finance_2021,0,0.0037354180168652548,0.0002566046260933777,3.5593027860159054e-05,0.0007383966244725738
wault_finance_2021__hn009,2,wault_finance_2021,0,0.010569953569454706,0.03843393245095519,0.00041316423448733985,0.1074777069746051
wault_finance_2021__hn009,3,wault_finance_2021,0,0.005934549498762091,0.011532973939590359,0.00010578394721960649,0.03359612100750016
wault_finance_2021__hn009,5,wault_finance_2021,0,0.0047003442477972085,0.0014065586130881846,6.10997958574444e-05,0.004100840336134454
wault_finance_2021__hn009,6,wault_finance_2021,0,0.005970417881663773,0.0023672890975128215,0.0001072962477337569,0.006921353156647274
wault_finance_2021__hn010,2,wault_finance_2021,0,0.00681969791449667,0.008810940746564296,0.00014679336163681,0.025741186981911694
wault_finance_2021__hn010,3,wault_finance_2021,0,0.005517190835343802,0.03531694199654257,8.909069583751261e-05,0.0992690684749584
wault_finance_2021__hn010,4,wault_finance_2021,0,0.005490677178631674,0.03588088226680581,8.808585698716342e-05,0.10076093976929457
wault_finance_2021__hn010,5,wault_finance_2021,0,0.003966384533059811,0.02351040362504836,4.0984374209074304e-05,0.06734365297321776
wault_finance_2021__hn010,6,wault_finance_2021,0,0.002755102567387358,0.019758118916632147,1.740878724376671e-05,0.05691802186742577
wault_finance_2021__hn010,7,wault_finance_2021,0,0.002507768264308404,0.01371600657998772,1.3958857380202971e-05,0.03984770519377811
wault_finance_2021__hn011,2,wault_finance_2021,0,0.04422749420172208,0.0767168507895257,0.01264022197574377,0.2012701850716089
wault_finance_2021__hn011,3,wault_finance_2021,0,0.023893061863440264,0.01620885034694057,0.0028730484191328287,0.04693242826982221
wault_finance_2021__hn011,5,wault_finance_2021,0,0.016039076495822577,0.007244641163669319,0.0011106873862445354,0.02119283653284114
wault_finance_2021__hn011,7,wault_finance_2021,0,0.016198860053102067,0.009064257645846011,0.001137175946496427,0.02647488781489242
wault_finance_2021__hn011,12,wault_finance_2021,0,0.007869142339435939,0.002143500019571169,0.00020574750669766217,0.006264178298294629
wault_finance_2021__hn011,23,wault_finance_2021,0,0.006457125289495491,0.0025995748516722534,0.0001290562067879364,0.007603464012580343
wault_finance_2021__hn011,35,wault_finance_2021,0,0.004791766281382652,0.000753190429288083,6.393287912942469e-05,0.0021863830613830615
wault_finance_2021__hn011,46,wault_finance_2021,0,0.004107076575033725,0.0019336312283488688,4.44848628831096e-05,0.005647921522921523
wault_finance_2021__hn012,2,wault_finance_2021,0,0.015042041672748316,0.06424793852975103,0.0009535753633826971,0.1720912978548004
wault_finance_2021__hn012,3,wault_finance_2021,0,0.013466809066372513,0.042257079682032614,0.0007333565154112875,0.11742294775623584
wault_finance_2021__hn012,4,wault_finance_2021,0,0.009385038788379601,0.02350727289721387,0.00031190342269837856,0.06733501067927197
wault_finance_2021__hn012,5,wault_finance_2021,0,0.007896480110844754,0.02669466356386991,0.0002074383810395375,0.07608501067927197
wault_finance_2021__hn012,7,wault_finance_2021,0,0.007556557992403756,0.00019004316351732716,0.000186980701982975,0.0005454545454545455
wault_finance_2021__hn012,10,wault_finance_2021,0,0.01419387653560043,0.00874339384454113,0.0008308130200020969,0.02554545454545455
wault_finance_2021__hn012,13,wault_finance_2021,0,0.003043857165922459,0.00019004316351732716,2.2000584067427553e-05,0.0005454545454545455
wault_finance_2021__hn013,1,wault_finance_2021,0,0.0026054414675489293,3.684258704932785e-07,1.5268993593053892e-05,0.0
wault_finance_2021__hn014,2,wault_finance_2021,0,0.13461079240981177,0.32300504544756936,0.17962929606437683,0.5951201131059685
wault_finance_2021__hn014,3,wault_finance_2021,0,0.018724665267021098,0.0047432136472123545,0.0016055140877142549,0.013890404215667375
wault_finance_2021__hn014,4,wault_finance_2021,0,0.015542066441353242,0.003613449671569772,0.001030618092045188,0.010579365079365079
wault_finance_2021__hn014,5,wault_finance_2021,0,0.007537433887933655,0.005320457368486284,0.00018586618534754962,0.015579365079365077
wault_finance_2021__hn014,6,wault_finance_2021,0,0.010817237540019965,0.011167059643513957,0.0004364025953691453,0.032544006868284035
wault_finance_2021__hn014,7,wault_finance_2021,0,0.010299183672570605,0.005687147324234299,0.00038856270839460194,0.016651149725426896
wault_finance_2021__hn015,1,wault_finance_2021,0,0.00355530419821572,3.684258704932785e-07,3.168980765622109e-05,0.0
wault_finance_2021__hn015,2,wault_finance_2021,0,0.006458815793919923,0.010405508100238553,0.00012913584941998124,0.030350485434437684
wault_finance_2021__hn016,2,wault_finance_2021,0,0.02824898019229856,0.01205937239841595,0.004291440360248089,0.0351075583815818
wault_finance_2021__hn016,3,wault_finance_2021,0,0.024016346523128295,0.031129903425014576,0.0029086428694427013,0.08809886012223361
wault_finance_2021__hn016,5,wault_finance_2021,0,0.021550855016434188,0.025568358444642177,0.0022451430559158325,0.07300422155290502
wault_finance_2021__hn016,7,wault_finance_2021,0,0.01745427057433389,0.01781027540354002,0.0013581527164205909,0.05145277805710501
wault_finance_2021__hn016,250,wault_finance_2021,0,0.00832359768470629,0.00972517936615636,0.00023490503372158855,0.02838659290662201
wault_finance_2021__hn016,499,wault_finance_2021,0,0.011038180566195707,0.001434035845243338,0.0004577937361318618,0.004181456138445385
wault_finance_2021__hn016,748,wault_finance_2021,0,0.006201333646376832,0.002001813251472055,0.00011733079008990899,0.005848122805112052
wault_finance_2021__hn016,997,wault_finance_2021,0,0.005927582009158576,0.00463585946994593,0.00010549162107054144,0.013576072127007916
wault_finance_2021__hn017,1,wault_finance_2021,0,0.018603330627834862,0.004124735369026554,0.0015808368334546685,0.012078617632602935
wault_finance_2021__hn017,2,wault_finance_2021,0,0.01794607926453397,0.014846158562148397,0.0014510396867990494,0.04306684501556912
wault_finance_2021__hn017,3,wault_finance_2021,0,0.015740008598319085,0.009285393250357014,0.0010620872490108013,0.027114935011874248
wault_finance_2021__hn018,2,wault_finance_2021,0,0.09608943207821129,0.06087853736608738,0.08238827437162399,0.16398685237091404
wault_finance_2021__hn018,3,wault_finance_2021,0,0.016298161095401168,0.014978963183463059,0.0011538221733644605,0.04344434359422146
wault_finance_2021__hn018,4,wault_finance_2021,0,0.01563522403548907,0.01627909287001751,0.0010453594150021672,0.04713121228109016
wault_finance_2021__hn018,5,wault_finance_2021,0,0.022045053779970472,0.016511120484671297,0.002370082540437579,0.0477875108058354
wault_finance_2021__hn018,6,wault_finance_2021,0,0.012096557960277103,0.010571775887234569,0.0005686371587216854,0.030829830585889204
wault_finance_2021__hn018,7,wault_finance_2021,0,0.011700029385973115,0.011783367174397817,0.0005254689021967351,0.03431538270147228
wault_finance_2021__hn019,2,wault_finance_2021,0,0.029329884728548222,0.1963849534959436,0.004696229938417673,0.42802941254358196
wault_finance_2021__hn019,3,wault_finance_2021,0,0.014154108242001464,0.013610927297284948,0.0008252983679994941,0.03954779187008353
wault_finance_2021__hn019,5,wault_finance_2021,0,0.008478497706781054,0.0070162770189539665,0.0002453580091241747,0.02052805639104013
wault_finance_2021__hn019,6,wault_finance_2021,0,0.011573738756892169,0.00795179094149586,0.000512135389726609,0.023248783039065423
wault_finance_2021__hn020,1,wault_finance_2021,0,0.0026054414675489293,3.684258704932785e-07,1.5268993593053892e-05,0.0
wault_finance_2021__hn021,1,wault_finance_2021,0,0.0036748144717122233,3.684258704932785e-07,3.425051909289323e-05,0.0
wault_finance_2021__hn021,2,wault_finance_2021,0,0.0037227218455594007,0.007257100486449801,3.53093164449092e-05,0.021229094631819947
wault_finance_2021__hn021,3,wault_finance_2021,0,0.006629598782691112,0.014742422711629108,0.00013732897059526294,0.04277185972775402
paraluni_2022__hn000,1,paraluni_2022,0,0.007583840536332653,0.001258575636527247,0.00018790704780258238,0.0035875355761512077
paraluni_2022__hn000,2,paraluni_2022,0,0.018257967667026694,0.03555369984385466,0.0014791714493185282,0.09801721853148726
paraluni_2022__hn000,3,paraluni_2022,0,0.007775299468099117,0.019895043851750303,0.0001991901663132012,0.05616527294101542
paraluni_2022__hn000,4,paraluni_2022,0,0.010553721968690892,0.0013732276078815132,0.0004073975724168122,0.003916666666666667
paraluni_2022__hn001,2,paraluni_2022,0,0.05650778694431467,0.010182801096294703,0.02188222110271454,0.029097545338649947
paraluni_2022__hn001,3,paraluni_2022,0,0.038635148828075616,0.007837211265280683,0.008782918564975262,0.02244030551964542
paraluni_2022__hn001,5,paraluni_2022,0,0.03002357491219995,0.02511938184057123,0.004810088314116001,0.0703757498668188
paraluni_2022__hn001,7,paraluni_2022,0,0.02173241722722404,0.03401103970653432,0.002232988364994526,0.0939923104185758
paraluni_2022__hn001,250,paraluni_2022,0,0.017297451307300885,0.019295897432243046,0.0013020489132031798,0.05451973414075507
paraluni_2022__hn001,500,paraluni_2022,0,0.01190943643205654,0.01844545245439022,0.0005409772857092321,0.052178442244324955
paraluni_2022__hn001,750,paraluni_2022,0,0.0058692291011932605,0.021604080319724897,0.00010324201866751537,0.06084122677696856
paraluni_2022__hn001,1000,paraluni_2022,0,0.016955747405482318,0.044257206664458947,0.001242190133780241,0.12033063153613131
paraluni_2022__hn002,2,paraluni_2022,0,0.05184919979351083,0.0604776647466435,0.01779095269739628,0.16018098555378898
paraluni_2022__hn002,3,paraluni_2022,0,0.06797848425434996,0.10278533860412244,0.03414000943303108,0.25443381316902053
paraluni_2022__hn002,5,paraluni_2022,0,0.35520413492962954,0.17670271479172378,0.794293999671936,0.39138591813065043
paraluni_2022__hn002,7,paraluni_2022,0,0.21369267018520766,0.11032578440155048,0.42820653319358826,0.2698989585450912
paraluni_2022__hn002,140,paraluni_2022,0,0.022533993404056287,0.014167056749901904,0.002432991750538349,0.040301642920063975
paraluni_2022__hn002,280,paraluni_2022,0,0.01926186725000752,0.006025597164151599,0.001678513246588409,0.017270389315146347
paraluni_2022__hn002,420,paraluni_2022,0,0.015638221654285033,0.00952050265334403,0.0010265596210956573,0.027222222222222224
paraluni_2022__hn002,560,paraluni_2022,0,0.012668535025167748,0.0045057426253633,0.0006254757172428071,0.012916666666666667
paraluni_2022__hn003,1,paraluni_2022,0,0.002402034696406658,0.0002957637499297805,1.2873750165454112e-05,0.0008333333333333333
paraluni_2022__hn004,1,paraluni_2022,0,0.12212871314733859,0.020291249683869625,0.1366294026374817,0.057251656655765884
paraluni_2022__hn004,2,paraluni_2022,0,0.03461436395786625,0.013896820586321516,0.00675353454425931,0.039546025932818384
paraluni_2022__hn004,3,paraluni_2022,0,0.2752277274861896,0.2588386503192531,0.6195007562637329,0.5124598071749207
paraluni_2022__hn004,4,paraluni_2022,0,0.05252695444064822,0.129639935004206,0.018355369567871094,0.30785471829371075
paraluni_2022__hn005,2,paraluni_2022,0,0.1131944938599253,0.11997356486863667,0.11471855640411377,0.2891488364059383
paraluni_2022__hn005,3,paraluni_2022,0,0.10219233691367031,0.1187400006363727,0.09034708142280579,0.2867203821620716
paraluni_2022__hn005,5,paraluni_2022,0,0.05973010255600219,0.21471019303741606,0.025006907060742378,0.45086773060634316
paraluni_2022__hn005,7,paraluni_2022,0,0.009062002712247956,0.18296636974829109,0.0002850517339538783,0.4016423594323072
paraluni_2022__hn005,27,paraluni_2022,0,0.013453595068601658,0.015332665827080578,0.0007204198045656085,0.04355349401015036
paraluni_2022__hn005,54,paraluni_2022,0,0.017903170711366403,0.0011312636262309273,0.0014122118009254336,0.003222222222222222
paraluni_2022__hn005,81,paraluni_2022,0,0.011969849254107429,3.772895152794638e-07,0.0005474429926835,0.0
paraluni_2022__hn005,108,paraluni_2022,0,0.011257435191442127,3.772895152794638e-07,0.00047400451148860157,0.0
paraluni_2022__hn006,2,paraluni_2022,0,0.044938166838919186,0.15229019701789476,0.012616612948477268,0.3495453468678549
paraluni_2022__hn006,3,paraluni_2022,0,0.04977100527786235,0.14553305990773227,0.01612457074224949,0.3374104101508475
paraluni_2022__hn006,4,paraluni_2022,0,0.05354045503175522,0.10799618698612672,0.019218815490603447,0.26516109445592795
paraluni_2022__hn006,5,paraluni_2022,0,0.035275151842423774,0.17054738113152743,0.0070655979216098785,0.381121319414153
paraluni_2022__hn006,7,paraluni_2022,0,0.02798880192856326,0.15765967242161077,0.004070178139954805,0.35901226379317513
paraluni_2022__hn006,8,paraluni_2022,0,0.027387159884529024,0.16461068971009096,0.0038651993963867426,0.3710424875560301
paraluni_2022__hn006,12,paraluni_2022,0,0.029355180987294095,0.08141058220092047,0.004559014458209276,0.2084721156470521
paraluni_2022__hn006,15,paraluni_2022,0,0.029080350731784263,0.09141042551360852,0.004458067938685417,0.23037650292294448
paraluni_2022__hn007,2,paraluni_2022,0,0.11614013731174837,0.08297810290342142,0.12173888832330704,0.2119538392838874
paraluni_2022__hn007,3,paraluni_2022,0,0.0826671070795555,0.021415646092023462,0.05460124835371971,0.060326967003311444
paraluni_2022__hn007,4,paraluni_2022,0,0.04136817627816024,0.009144733587307175,0.010344985872507095,0.026156650876212148
paraluni_2022__hn007,5,paraluni_2022,0,0.02281140412188888,0.007333259691448368,0.0025045564398169518,0.021004484705024237
paraluni_2022__hn007,7,paraluni_2022,0,0.0165388035194148,0.009923428213090502,0.0011713621206581593,0.028363544444766266
paraluni_2022__hn007,10,paraluni_2022,0,0.013266676589175564,0.0014876914430774922,0.0006971076945774257,0.00424537037037037
paraluni_2022__hn007,13,paraluni_2022,0,0.05460519020815535,0.0014876914430774922,0.020151160657405853,0.00424537037037037
paraluni_2022__hn008,1,paraluni_2022,0,0.027700245861112055,0.021764740953819393,0.003971091005951166,0.06127943443354366
paraluni_2022__hn008,2,paraluni_2022,0,0.01724115749267413,0.02921103493427113,0.0012920745648443699,0.08133211256013384
paraluni_2022__hn008,3,paraluni_2022,0,0.009442378698560317,0.011769943628054856,0.0003138706961181015,0.03357690352529179
paraluni_2022__hn008,4,paraluni_2022,0,0.009805558997452769,0.0015017379685163318,0.00034289146424271166,0.004285714285714285
paraluni_2022__hn009,2,paraluni_2022,0,0.025275074721127524,0.029575894775054436,0.003194246906787157,0.08230174091274436
paraluni_2022__hn009,3,paraluni_2022,0,0.020842644552356997,0.02772286971745658,0.0020226335618644953,0.07736477546468182
paraluni_2022__hn009,5,paraluni_2022,0,0.02135736606211182,0.0280080803877647,0.002142837271094322,0.07812668022658657
paraluni_2022__hn009,7,paraluni_2022,0,0.013874469084691397,0.01935354536409077,0.0007745458278805017,0.05467820370079171
paraluni_2022__hn009,84,paraluni_2022,0,0.00978429695451666,0.00214843789050562,0.0003411515790503472,0.006144175155227734
paraluni_2022__hn009,167,paraluni_2022,0,0.006109255172403312,0.00214843789050562,0.00011337138130329549,0.006144175155227734
paraluni_2022__hn009,251,paraluni_2022,0,0.0038302819392140733,0.0004908110528855422,3.8155721995281056e-05,0.001388888888888889
paraluni_2022__hn009,334,paraluni_2022,0,0.004156214881439952,0.003768585165989448,4.61548515886534e-05,0.010800653594771241
paraluni_2022__hn010,1,paraluni_2022,0,0.002402034696406658,0.0002957637499297805,1.2873750165454112e-05,0.0008333333333333333
paraluni_2022__hn011,2,paraluni_2022,0,0.037507477776795924,0.09229660667755044,0.008181952871382236,0.23228303263876302
paraluni_2022__hn011,3,paraluni_2022,0,0.030621037377173643,0.034768976021357034,0.005041248165071011,0.09597247642066697
paraluni_2022__hn011,5,paraluni_2022,0,0.02468589055840086,0.005131105749391914,0.003020342206582427,0.014709677419354838
paraluni_2022__hn011,6,paraluni_2022,0,0.014290231634494046,0.0030988409411896022,0.0008302602218464017,0.008876344086021505
paraluni_2022__hn012,2,paraluni_2022,0,0.06630929548616495,0.09296021476107136,0.032157815992832184,0.2337070911218548
paraluni_2022__hn012,3,paraluni_2022,0,0.03836125040500171,0.037809736667830274,0.008634638041257858,0.103865198604393
paraluni_2022__hn012,5,paraluni_2022,0,0.020365242140712156,0.022654961928438536,0.0019147524144500494,0.06370329504738777
paraluni_2022__hn012,7,paraluni_2022,0,0.018015344783309576,0.01907359511106653,0.0014331868151202798,0.053908361665714596
paraluni_2022__hn012,14,paraluni_2022,0,0.012228831440255933,0.0035576690933429187,0.000575666141230613,0.010194805194805194
paraluni_2022__hn012,21,paraluni_2022,0,0.007605158952762242,0.0021344264556729096,0.00018914465908892453,0.006103896103896104
paraluni_2022__hn012,27,paraluni_2022,0,0.004987106944678495,0.0021344264556729096,7.059650670271367e-05,0.006103896103896104
paraluni_2022__hn013,2,paraluni_2022,0,0.41716514176683306,0.12565986287551065,0.876400351524353,0.30022151584710266
paraluni_2022__hn013,3,paraluni_2022,0,0.5816653519899747,0.37007252089092246,0.9706940650939941,0.639863062273432
paraluni_2022__hn013,4,paraluni_2022,0,0.5558699592711523,0.325593655222161,0.9628890156745911,0.5930713236403539
paraluni_2022__hn013,5,paraluni_2022,0,0.29426930987358085,0.26248529480089194,0.669189453125,0.5172299559855521
paraluni_2022__hn013,7,paraluni_2022,0,0.030878101263982383,0.01785477265149547,0.005142676644027233,0.05054845266194597
paraluni_2022__hn013,10,paraluni_2022,0,0.03463592402731286,0.08229371435510884,0.006763584911823273,0.21043592891202695
paraluni_2022__hn013,13,paraluni_2022,0,0.030575546760516478,0.06528575593352492,0.005023423116654158,0.17157635932661697
paraluni_2022__hn014,2,paraluni_2022,0,0.04267029947543557,0.12727943071769926,0.011142779141664505,0.3033391142499814
paraluni_2022__hn014,3,paraluni_2022,0,0.019445764216893296,0.03421892372633007,0.0017166293691843748,0.0945359346286356
paraluni_2022__hn014,5,paraluni_2022,0,0.02235427291874271,0.02053248971727153,0.002387275220826268,0.057912432595604545
paraluni_2022__hn014,7,paraluni_2022,0,0.026044239736406804,0.00507983044105761,0.0034299169201403856,0.0145627438574195
paraluni_2022__hn014,55,paraluni_2022,0,0.01873825701165166,0.0003154778424584562,0.00157270859926939,0.0008893777498428662
paraluni_2022__hn014,110,paraluni_2022,0,0.008644312782648083,0.0001247619143362802,0.0002552343357820064,0.0003488372093023256
paraluni_2022__hn014,165,paraluni_2022,0,0.00670988177766172,3.772895152794638e-07,0.00014113694487605244,0.0
paraluni_2022__hn014,219,paraluni_2022,0,0.006062323438003749,0.0027649804163107808,0.0001113479447667487,0.007916666666666667
paraluni_2022__hn015,1,paraluni_2022,0,0.003691597554573681,0.0002957637499297805,3.5013970773434266e-05,0.0008333333333333333
paraluni_2022__hn016,1,paraluni_2022,0,0.004745470850716921,0.0013389889361305534,6.287414726102725e-05,0.003818364997121474
paraluni_2022__hn016,2,paraluni_2022,0,0.00505985677032719,0.1432264954596496,7.302238373085856e-05,0.33321042422564895
paraluni_2022__hn017,2,paraluni_2022,0,0.04389037687206489,0.03122214584208544,0.011922248639166355,0.08666175595936887
paraluni_2022__hn017,3,paraluni_2022,0,0.014919916917104497,0.014805170251560891,0.0009189497795887291,0.04208335363747869
paraluni_2022__hn017,5,paraluni_2022,0,0.022416668814269104,0.024455883048893543,0.00240308977663517,0.06858474896521034
paraluni_2022__hn017,7,paraluni_2022,0,0.016461716907741283,0.02421034845430165,0.0011585315223783255,0.06792095586176207
paraluni_2022__hn017,250,paraluni_2022,0,0.014390532362649212,0.00020699565659884205,0.0008440382080152631,0.0005813953488372093
paraluni_2022__hn017,500,paraluni_2022,0,0.003167871297470601,0.0001980641094710373,2.4517206838936545e-05,0.0005560910953126883
paraluni_2022__hn017,750,paraluni_2022,0,0.010566739435193689,0.0032470764890295775,0.00040857697604224086,0.009302369774200759
paraluni_2022__hn017,1000,paraluni_2022,0,0.010249371549975562,0.001139563301707149,0.0003803817380685359,0.0032460317460317454
paraluni_2022__hn018,2,paraluni_2022,0,0.07401303523352953,0.03204017930533841,0.04188496619462967,0.08881918735324604
paraluni_2022__hn018,3,paraluni_2022,0,0.0562834241739305,0.018285468241573424,0.021673720329999924,0.05173727360683092
paraluni_2022__hn018,4,paraluni_2022,0,0.04255749764345805,0.024495192731233857,0.011072279885411263,0.06869097023699813
paraluni_2022__hn018,5,paraluni_2022,0,0.0470739887815995,0.024849680887317274,0.014104446396231651,0.06964822131924922
paraluni_2022__hn019,1,paraluni_2022,0,0.002984381241780338,7.447249714632126e-05,2.1337013095035218e-05,0.0002072538860103627
paraluni_2022__hn019,2,paraluni_2022,0,0.0039022927445100035,0.029823793698151635,3.9848255255492404e-05,0.08295985449991562
paraluni_2022__hn020,1,paraluni_2022,0,0.00262682524583383,0.0002957637499297805,1.5853280274313875e-05,0.0008333333333333333
paraluni_2022__hn021,1,paraluni_2022,0,0.0030017789176512875,3.772895152794638e-07,2.162773671443574e-05,0.0
radiant_capital_arbitrum_2024__hn000,2,radiant_capital_arbitrum_2024,0,0.019081112585640454,0.07414839931067312,0.001369446748867631,0.2030958845671574
radiant_capital_arbitrum_2024__hn000,3,radiant_capital_arbitrum_2024,0,0.007259510497636111,0.021268461583740857,0.00014006039418745786,0.0667823103049513
radiant_capital_arbitrum_2024__hn000,4,radiant_capital_arbitrum_2024,0,0.005310022525263644,0.016782137062439303,6.724827835569158e-05,0.05353772957040361
radiant_capital_arbitrum_2024__hn000,5,radiant_capital_arbitrum_2024,0,0.007232925036613782,0.008228921869137503,0.00013885879889130592,0.027259106112017106
radiant_capital_arbitrum_2024__hn000,6,radiant_capital_arbitrum_2024,0,0.011531357580415388,0.0187156497868021,0.0004160871321801096,0.05928715181935112
radiant_capital_arbitrum_2024__hn000,7,radiant_capital_arbitrum_2024,0,0.02223197967602742,0.040763978779903016,0.0019692997448146343,0.1208810257539071
radiant_capital_arbitrum_2024__hn000,8,radiant_capital_arbitrum_2024,0,0.019612725175170348,0.03516941579668115,0.0014617793494835496,0.10588102575390711
radiant_capital_arbitrum_2024__hn001,2,radiant_capital_arbitrum_2024,0,0.0970030297764867,0.22556285718718677,0.06866190582513809,0.47256702292098546
radiant_capital_arbitrum_2024__hn001,3,radiant_capital_arbitrum_2024,0,0.05401524517336665,0.13500076349506943,0.016608981415629387,0.3279715084084158
radiant_capital_arbitrum_2024__hn001,4,radiant_capital_arbitrum_2024,0,0.09722722112004693,0.24380673321557453,0.06904413551092148,0.4972766890362339
radiant_capital_arbitrum_2024__hn001,5,radiant_capital_arbitrum_2024,0,0.103296008864959,0.1902804512239611,0.07983769476413727,0.42095396305410304
radiant_capital_arbitrum_2024__hn002,1,radiant_capital_arbitrum_2024,0,0.0030744432354679547,2.246541685987539e-07,1.8708182324189693e-05,0.0
radiant_capital_arbitrum_2024__hn003,2,radiant_capital_arbitrum_2024,0,0.012578811989512328,0.009076765225423862,0.0005108134355396032,0.029932849298078743
radiant_capital_arbitrum_2024__hn003,3,radiant_capital_arbitrum_2024,0,0.015886003291095553,0.026789120371329172,0.00088690867414698,0.08264200106154687
radiant_capital_arbitrum_2024__hn003,5,radiant_capital_arbitrum_2024,0,0.014119700352708464,0.01901101886825185,0.0006711131427437067,0.060159853923179185
radiant_capital_arbitrum_2024__hn003,6,radiant_capital_arbitrum_2024,0,0.013132509328257729,0.0195456739736633,0.0005654958076775074,0.0617358587932123
radiant_capital_arbitrum_2024__hn003,7,radiant_capital_arbitrum_2024,0,0.010955124192177085,0.016774768213996368,0.0003687247517518699,0.05351569412029265
radiant_capital_arbitrum_2024__hn003,12,radiant_capital_arbitrum_2024,0,0.005636653818016353,0.01914774072618177,7.735000690445304e-05,0.06056332111047413
radiant_capital_arbitrum_2024__hn003,18,radiant_capital_arbitrum_2024,0,0.00726081342304304,0.034856198461075384,0.00014011943130753934,0.10502946640618202
radiant_capital_arbitrum_2024__hn003,24,radiant_capital_arbitrum_2024,0,0.00671162183555719,0.038164049953938455,0.00011649321822915226,0.11395906415683292
radiant_capital_arbitrum_2024__hn004,2,radiant_capital_arbitrum_2024,0,0.014882839461477523,0.027108053195277267,0.0007600569515489042,0.08354433156148885
radiant_capital_arbitrum_2024__hn004,3,radiant_capital_arbitrum_2024,0,0.016129058249225142,0.01691473763149377,0.0009193723089993,0.05393408905648012
radiant_capital_arbitrum_2024__hn004,5,radiant_capital_arbitrum_2024,0,0.015070476160089512,0.015195219626250821,0.0007829185924492776,0.0487699629549061
radiant_capital_arbitrum_2024__hn004,7,radiant_capital_arbitrum_2024,0,0.0132047312759512,0.00982203800947405,0.0005728675168938935,0.03226931855274026
radiant_capital_arbitrum_2024__hn004,36,radiant_capital_arbitrum_2024,0,0.019883796579512336,0.00975265668838248,0.0015102237230166793,0.0320523352233862
radiant_capital_arbitrum_2024__hn004,71,radiant_capital_arbitrum_2024,0,0.007063208666144458,0.0015390614516126097,0.00013132837193552405,0.005411795318337507
radiant_capital_arbitrum_2024__hn004,107,radiant_capital_arbitrum_2024,0,0.00438971203984055,2.246541685987539e-07,4.305373295210302e-05,0.0
radiant_capital_arbitrum_2024__hn004,142,radiant_capital_arbitrum_2024,0,0.007143607516916845,0.0019841222530365475,0.0001348655205219984,0.006922869590902377
radiant_capital_arbitrum_2024__hn005,1,radiant_capital_arbitrum_2024,0,0.0030744432354679547,2.246541685987539e-07,1.8708182324189693e-05,0.0
radiant_capital_arbitrum_2024__hn006,2,radiant_capital_arbitrum_2024,0,0.022306002683336153,0.09553917162348181,0.0019849420059472322,0.25021218434863624
radiant_capital_arbitrum_2024__hn006,3,radiant_capital_arbitrum_2024,0,0.02974617957560888,0.12194205124159363,0.003945682197809219,0.3034276668602002
radiant_capital_arbitrum_2024__hn006,5,radiant_capital_arbitrum_2024,0,0.06017370145738126,0.14921707767680556,0.021582044661045074,0.3534875739938002
radiant_capital_arbitrum_2024__hn006,6,radiant_capital_arbitrum_2024,0,0.0280788327435752,0.12620907894612823,0.003437077859416604,0.31156910926509956
radiant_capital_arbitrum_2024__hn006,7,radiant_capital_arbitrum_2024,0,0.022769616845777867,0.10283974332212063,0.0020845711696892977,0.26543924208666797
radiant_capital_arbitrum_2024__hn006,11,radiant_capital_arbitrum_2024,0,0.012647019221051277,0.12695842615953393,0.0005173752433620393,0.31298648578825555
radiant_capital_arbitrum_2024__hn006,17,radiant_capital_arbitrum_2024,0,0.008027980657343949,0.0033067807527572502,0.00017741038755048066,0.011348038045042828
radiant_capital_arbitrum_2024__hn006,22,radiant_capital_arbitrum_2024,0,0.007498178220469691,0.007487267332392895,0.00015111641550902277,0.024905891010790528
radiant_capital_arbitrum_2024__hn007,1,radiant_capital_arbitrum_2024,0,0.0037059245240286254,2.246541685987539e-07,2.8963097065570764e-05,0.0
radiant_capital_arbitrum_2024__hn007,2,radiant_capital_arbitrum_2024,0,0.005088776545251571,0.0031568857650326157,6.0864040278829634e-05,0.010850704834737677
radiant_capital_arbitrum_2024__hn007,3,radiant_capital_arbitrum_2024,0,0.007153061666339382,0.008014283284309273,0.00013528502313420177,0.026579480960033798
radiant_capital_arbitrum_2024__hn008,1,radiant_capital_arbitrum_2024,0,0.0026099664045185914,2.246541685987539e-07,1.2755587704305071e-05,0.0
radiant_capital_arbitrum_2024__hn009,1,radiant_capital_arbitrum_2024,0,0.0036963900455065477,2.246541685987539e-07,2.8789003408746794e-05,0.0
radiant_capital_arbitrum_2024__hn009,2,radiant_capital_arbitrum_2024,0,0.006782662903142571,0.026321101267494686,0.00011940827243961394,0.08131519851413918
radiant_capital_arbitrum_2024__hn010,2,radiant_capital_arbitrum_2024,0,0.005467557509980324,0.024528292738026935,7.201880362117663e-05,0.07620288024285435
radiant_capital_arbitrum_2024__hn010,3,radiant_capital_arbitrum_2024,0,0.005087453551105247,0.007783392252258454,6.0826961998827755e-05,0.025847123144924166
radiant_capital_arbitrum_2024__hn010,4,radiant_capital_arbitrum_2024,0,0.006177948144346561,0.006609008671285128,9.590942499926314e-05,0.02210095374215826
radiant_capital_arbitrum_2024__hn010,5,radiant_capital_arbitrum_2024,0,0.006510919476015976,0.008172655211527402,0.00010848129750229418,0.027081054286774937
radiant_capital_arbitrum_2024__hn011,1,radiant_capital_arbitrum_2024,0,0.006484406333062516,0.0009422872392011192,0.00010744747123681009,0.0033612748086432297
radiant_capital_arbitrum_2024__hn011,2,radiant_capital_arbitrum_2024,0,0.007103932672594962,0.014631337178262425,0.0001331132516497746,0.04706481231207424
radiant_capital_arbitrum_2024__hn011,3,radiant_capital_arbitrum_2024,0,0.008864129984243055,0.012315721311026073,0.0002239484601886943,0.03999926423800969
radiant_capital_arbitrum_2024__hn011,4,radiant_capital_arbitrum_2024,0,0.009222877345635113,0.008154757582520728,0.0002458568196743727,0.027024402294254797
radiant_capital_arbitrum_2024__hn012,2,radiant_capital_arbitrum_2024,0,0.009777733613352477,0.028939815519549678,0.00028209458105266094,0.08869854781653264
radiant_capital_arbitrum_2024__hn012,3,radiant_capital_arbitrum_2024,0,0.014553435655153676,0.030515707932740388,0.0007208737661130726,0.09309498318778395
radiant_capital_arbitrum_2024__hn012,5,radiant_capital_arbitrum_2024,0,0.00977652987103796,0.025744367494466344,0.000282012828392908,0.0796757913503047
radiant_capital_arbitrum_2024__hn012,7,radiant_capital_arbitrum_2024,0,0.031000657869398596,0.017289543562745646,0.004355966579169035,0.055052768374252985
radiant_capital_arbitrum_2024__hn012,29,radiant_capital_arbitrum_2024,0,0.015710027019780835,0.01026781170627746,0.0008638284052722156,0.033660884154769775
radiant_capital_arbitrum_2024__hn012,57,radiant_capital_arbitrum_2024,0,0.009328440861915008,0.0019158605085424526,0.0002525296004023403,0.006691951806057568
radiant_capital_arbitrum_2024__hn012,85,radiant_capital_arbitrum_2024,0,0.00789023150098194,0.0006014804832401591,0.00017033920448739082,0.002172869590902378
radiant_capital_arbitrum_2024__hn012,113,radiant_capital_arbitrum_2024,0,0.006701772431562098,0.0020120562759002236,0.00011609234934439883,0.007017283119526433
radiant_capital_arbitrum_2024__hn013,1,radiant_capital_arbitrum_2024,0,0.006208982505268614,0.0009422872392011192,9.70435721683316e-05,0.0033612748086432297
radiant_capital_arbitrum_2024__hn013,2,radiant_capital_arbitrum_2024,0,0.007461972112081488,0.013030569921999344,0.0001494079624535516,0.04219155944106619
radiant_capital_arbitrum_2024__hn013,3,radiant_capital_arbitrum_2024,0,0.007373848527075927,0.0032018525663205753,0.00014529647887684405,0.011000000000000001
radiant_capital_arbitrum_2024__hn013,4,radiant_capital_arbitrum_2024,0,0.011092709255755171,0.00909812808451239,0.00037973214057274163,0.03
radiant_capital_arbitrum_2024__hn014,1,radiant_capital_arbitrum_2024,0,0.003166474587699655,2.246541685987539e-07,2.0044410121045075e-05,0.0
radiant_capital_arbitrum_2024__hn014,2,radiant_capital_arbitrum_2024,0,0.004347296729970872,0.00871939708242244,4.2085805034730583e-05,0.028807940102511274
radiant_capital_arbitrum_2024__hn014,3,radiant_capital_arbitrum_2024,0,0.00537073269426931,0.00036577061085170983,6.906444468768314e-05,0.0013395362575690445
radiant_capital_arbitrum_2024__hn015,1,radiant_capital_arbitrum_2024,0,0.0037059245240286254,2.246541685987539e-07,2.8963097065570764e-05,0.0
radiant_capital_arbitrum_2024__hn015,2,radiant_capital_arbitrum_2024,0,0.007661620699217317,0.014224249471868754,0.00015896874538157135,0.04583012502309989
radiant_capital_arbitrum_2024__hn015,3,radiant_capital_arbitrum_2024,0,0.00653415171216568,0.010099061959145299,0.00010939190542558208,0.0331346162656498
radiant_capital_arbitrum_2024__hn016,1,radiant_capital_arbitrum_2024,0,0.0030744432354679547,2.246541685987539e-07,1.8708182324189693e-05,0.0
radiant_capital_arbitrum_2024__hn017,1,radiant_capital_arbitrum_2024,0,0.002626672022727245,2.246541685987539e-07,1.2947279174113646e-05,0.0
radiant_capital_arbitrum_2024__hn018,2,radiant_capital_arbitrum_2024,0,0.3432104878210361,0.4086134131358659,0.7467442750930786,0.6750943697997883
radiant_capital_arbitrum_2024__hn018,3,radiant_capital_arbitrum_2024,0,0.05813624855820714,0.09668780854875714,0.01985110528767109,0.2526353080973354
radiant_capital_arbitrum_2024__hn018,5,radiant_capital_arbitrum_2024,0,0.07170380936123515,0.07907446805665305,0.03303759545087814,0.21429490175659677
radiant_capital_arbitrum_2024__hn018,7,radiant_capital_arbitrum_2024,0,0.04961911072479366,0.054748774906784294,0.013522063381969929,0.15675155624086717
radiant_capital_arbitrum_2024__hn018,8,radiant_capital_arbitrum_2024,0,0.03389472046212819,0.06456829064774675,0.005395623855292797,0.18067317226536164
radiant_capital_arbitrum_2024__hn018,15,radiant_capital_arbitrum_2024,0,0.01177646425450734,0.019733227736307923,0.0004372458206489682,0.062287591912496276
radiant_capital_arbitrum_2024__hn018,23,radiant_capital_arbitrum_2024,0,0.0077063154654311745,0.0017531810344351883,0.00016115608741529286,0.006140440035434501
radiant_capital_arbitrum_2024__hn018,30,radiant_capital_arbitrum_2024,0,0.0071267503714623325,0.0013408386154111866,0.00013411940017249435,0.004734190035434501
radiant_capital_arbitrum_2024__hn019,1,radiant_capital_arbitrum_2024,0,0.005542756755899123,0.0009422872392011192,7.436260057147592e-05,0.0033612748086432297
radiant_capital_arbitrum_2024__hn019,2,radiant_capital_arbitrum_2024,0,0.004069669870745176,0.011546450662621659,3.606013342505321e-05,0.03762858636510232
radiant_capital_arbitrum_2024__hn019,3,radiant_capital_arbitrum_2024,0,0.0023907631751157203,0.0024332540728701823,1.0390646821178962e-05,0.008435428494737475
radiant_capital_arbitrum_2024__hn019,4,radiant_capital_arbitrum_2024,0,0.004138564253257645,0.0009636949312534215,3.75056333723478e-05,0.0034354284947374757
radiant_capital_arbitrum_2024__hn020,1,radiant_capital_arbitrum_2024,0,0.0030744432354679547,2.246541685987539e-07,1.8708182324189693e-05,0.0
radiant_capital_arbitrum_2024__hn021,1,radiant_capital_arbitrum_2024,0,0.002626672022727245,2.246541685987539e-07,1.2947279174113646e-05,0.0
radiant_capital_arbitrum_2024__hn022,1,radiant_capital_arbitrum_2024,0,0.006484406333062516,0.0009422872392011192,0.00010744747123681009,0.0033612748086432297
radiant_capital_arbitrum_2024__hn022,2,radiant_capital_arbitrum_2024,0,0.007373701841556601,0.03733883816316037,0.00014528969768434763,0.1117444401057595
radiant_capital_arbitrum_2024__hn022,3,radiant_capital_arbitrum_2024,0,0.003846889144461953,0.02302578033470305,3.160765481879935e-05,0.07188118178037595
radiant_capital_arbitrum_2024__hn022,4,radiant_capital_arbitrum_2024,0,0.0057530533265714,0.011925262863890247,8.114773663692176e-05,0.03879748788550966
radiant_capital_arbitrum_2024__hn023,1,radiant_capital_arbitrum_2024,0,0.0031583235882352134,2.246541685987539e-07,1.992392571992241e-05,0.0
radiant_capital_arbitrum_2024__hn023,2,radiant_capital_arbitrum_2024,0,0.005027436887872068,0.01929258324633896,5.915865403949283e-05,0.06099041326603533
radiant_capital_arbitrum_2024__hn024,2,radiant_capital_arbitrum_2024,0,0.014123888397798462,0.016346135876085546,0.0006715836934745312,0.052232284670352375
radiant_capital_arbitrum_2024__hn024,3,radiant_capital_arbitrum_2024,0,0.08109777179424613,0.13535786887584347,0.04454321786761284,0.3286274312151619
radiant_capital_arbitrum_2024__hn024,5,radiant_capital_arbitrum_2024,0,0.02786007173597202,0.04632524536778392,0.0033734063617885113,0.13541322434819647
radiant_capital_arbitrum_2024__hn024,6,radiant_capital_arbitrum_2024,0,0.016971399291594233,0.04024187392575419,0.001037193345837295,0.11949767888337183
radiant_capital_arbitrum_2024__hn024,7,radiant_capital_arbitrum_2024,0,0.021436691103912903,0.013059013487150127,0.0018058023415505886,0.042278581284954736
radiant_capital_arbitrum_2024__hn024,12,radiant_capital_arbitrum_2024,0,0.0066691178109684794,0.001894890228831861,0.00011476898362161592,0.0066209545979162765
radiant_capital_arbitrum_2024__hn024,18,radiant_capital_arbitrum_2024,0,0.005208033482368217,0.0006392343355391097,6.425977335311472e-05,0.002305347872770078
radiant_capital_arbitrum_2024__hn024,24,radiant_capital_arbitrum_2024,0,0.0061043468032072334,0.0006392343355391097,9.325036080554128e-05,0.002305347872770078
magic_abracadabra_arbitrum_2025__hn000,2,magic_abracadabra_arbitrum_2025,0,0.024162177264126273,0.03771116138070366,0.002385971834883094,0.1161297057036292
magic_abracadabra_arbitrum_2025__hn000,3,magic_abracadabra_arbitrum_2025,0,0.036836897999505507,0.029167164206021272,0.006676355376839638,0.09235649032185304
magic_abracadabra_arbitrum_2025__hn000,5,magic_abracadabra_arbitrum_2025,0,0.015804859485366914,0.011461251610355608,0.0008539443369954824,0.03913026659477936
magic_abracadabra_arbitrum_2025__hn000,7,magic_abracadabra_arbitrum_2025,0,0.0041560743636817115,0.0043803605140782485,3.475398989394307e-05,0.015783525598278572
magic_abracadabra_arbitrum_2025__hn000,124,magic_abracadabra_arbitrum_2025,0,0.01282159318193243,0.003475395721703452,0.0005158804706297815,0.012662977212110819
magic_abracadabra_arbitrum_2025__hn000,248,magic_abracadabra_arbitrum_2025,0,0.0052714143810300915,0.003852239240446113,6.130710244178772e-05,0.013967525501728369
magic_abracadabra_arbitrum_2025__hn000,372,magic_abracadabra_arbitrum_2025,0,0.008625921787959484,0.0017034197987250675,0.0001991698518395424,0.006407557219842429
magic_abracadabra_arbitrum_2025__hn000,496,magic_abracadabra_arbitrum_2025,0,0.004050350959826954,0.002509776087779701,3.268144064350054e-05,0.009282196581834087
magic_abracadabra_arbitrum_2025__hn001,2,magic_abracadabra_arbitrum_2025,0,0.026010433954089272,0.046597339494775854,0.002854263875633478,0.13977246369305815
magic_abracadabra_arbitrum_2025__hn001,3,magic_abracadabra_arbitrum_2025,0,0.014927657254724065,0.0047505305692598235,0.0007440850022248924,0.017048501740784237
magic_abracadabra_arbitrum_2025__hn001,5,magic_abracadabra_arbitrum_2025,0,0.012503694152954005,5.393092091887809e-05,0.000485643045976758,0.0002325581395348837
magic_abracadabra_arbitrum_2025__hn001,7,magic_abracadabra_arbitrum_2025,0,0.06443310266199065,0.03888769975505508,0.026477621868252754,0.11932072088408031
magic_abracadabra_arbitrum_2025__hn001,8,magic_abracadabra_arbitrum_2025,0,0.04617450127499052,0.026476003853996174,0.01163067389279604,0.0846359918200409
magic_abracadabra_arbitrum_2025__hn001,10,magic_abracadabra_arbitrum_2025,0,0.03966196289507857,0.011620486689752334,0.008003058843314648,0.039638176638176634
magic_abracadabra_arbitrum_2025__hn002,1,magic_abracadabra_arbitrum_2025,0,0.0032215885419226093,2.233000267407437e-05,1.8930799342342652e-05,9.960159362549801e-05
magic_abracadabra_arbitrum_2025__hn002,2,magic_abracadabra_arbitrum_2025,0,0.005577613369551579,0.0012956234396708133,7.016168092377484e-05,0.00493023192182856
magic_abracadabra_arbitrum_2025__hn003,1,magic_abracadabra_arbitrum_2025,0,0.0046103035582913355,2.233000267407437e-05,4.451686254469678e-05,9.960159362549801e-05
magic_abracadabra_arbitrum_2025__hn003,2,magic_abracadabra_arbitrum_2025,0,0.005592242287766814,0.010617187016802036,7.060223288135603e-05,0.03642703695808392
magic_abracadabra_arbitrum_2025__hn003,3,magic_abracadabra_arbitrum_2025,0,0.006291430144588498,0.005929368720389553,9.356754162581638e-05,0.021037850647952393
magic_abracadabra_arbitrum_2025__hn004,1,magic_abracadabra_arbitrum_2025,0,0.0035865308480255344,2.233000267407437e-05,2.4451246645185165e-05,9.960159362549801e-05
magic_abracadabra_arbitrum_2025__hn005,2,magic_abracadabra_arbitrum_2025,0,0.011395244421742624,0.031347578258317306,0.0003885015903506428,0.09852733255998437
magic_abracadabra_arbitrum_2025__hn005,3,magic_abracadabra_arbitrum_2025,0,0.009298825905037273,0.04221560694433031,0.00023847098054829985,0.1282445992326256
magic_abracadabra_arbitrum_2025__hn005,4,magic_abracadabra_arbitrum_2025,0,0.005070336244553397,0.014260696211977158,5.5868142226245254e-05,0.047969399973323286
magic_abracadabra_arbitrum_2025__hn005,5,magic_abracadabra_arbitrum_2025,0,0.011443551753878936,0.03510548792051146,0.0003924710617866367,0.1089933565876911
magic_abracadabra_arbitrum_2025__hn006,1,magic_abracadabra_arbitrum_2025,0,0.0044599628899034465,0.004180997707155918,4.112939859624021e-05,0.015099601593625498
magic_abracadabra_arbitrum_2025__hn006,2,magic_abracadabra_arbitrum_2025,0,0.00446290197169576,0.0390750244552513,4.119412551517598e-05,0.119827020903266
magic_abracadabra_arbitrum_2025__hn007,1,magic_abracadabra_arbitrum_2025,0,0.0037077521419686655,2.233000267407437e-05,2.6468749638297595e-05,9.960159362549801e-05
magic_abracadabra_arbitrum_2025__hn007,2,magic_abracadabra_arbitrum_2025,0,0.006949340995445956,0.0010932370646775773,0.00011869976879097521,0.004189491181087819
magic_abracadabra_arbitrum_2025__hn007,3,magic_abracadabra_arbitrum_2025,0,0.0032421220475894524,0.015332143287836424,1.9219742171117105e-05,0.051304324355182195
magic_abracadabra_arbitrum_2025__hn008,2,magic_abracadabra_arbitrum_2025,0,0.006609024936449584,0.020032727105692066,0.00010526381811359897,0.06564974661940434
magic_abracadabra_arbitrum_2025__hn008,3,magic_abracadabra_arbitrum_2025,0,0.007202815292980312,0.014129890960001633,0.00012932550453115255,0.04756050084071081
magic_abracadabra_arbitrum_2025__hn008,5,magic_abracadabra_arbitrum_2025,0,0.004191641250470003,0.004851040058039761,3.5467961424728855e-05,0.017390907365667438
magic_abracadabra_arbitrum_2025__hn008,7,magic_abracadabra_arbitrum_2025,0,0.003180128439699514,0.0024310285489366587,1.835512557590846e-05,0.009003765303593168
magic_abracadabra_arbitrum_2025__hn008,10,magic_abracadabra_arbitrum_2025,0,0.005571473640529826,0.013090902077282375,6.997725722612813e-05,0.04429860225479141
magic_abracadabra_arbitrum_2025__hn008,15,magic_abracadabra_arbitrum_2025,0,0.0063699951245571465,0.013090902077282375,9.638609481044114e-05,0.04429860225479141
magic_abracadabra_arbitrum_2025__hn008,20,magic_abracadabra_arbitrum_2025,0,0.006958283309786785,0.014686759981527008,0.00011906558938790113,0.04929860225479141
magic_abracadabra_arbitrum_2025__hn009,1,magic_abracadabra_arbitrum_2025,0,0.009677475092252776,0.0042663847948649055,0.0002624304033815861,0.015392758952800123
magic_abracadabra_arbitrum_2025__hn009,2,magic_abracadabra_arbitrum_2025,0,0.008343887873544868,0.020553850635490405,0.0001839190226746723,0.06721321546945572
magic_abracadabra_arbitrum_2025__hn009,3,magic_abracadabra_arbitrum_2025,0,0.0030287649635015986,0.014158431842402494,1.6340636648237705e-05,0.0476497532313089
magic_abracadabra_arbitrum_2025__hn009,4,magic_abracadabra_arbitrum_2025,0,0.003456416426148617,0.010368004514486487,2.2388630895875394e-05,0.035625405622652775
magic_abracadabra_arbitrum_2025__hn010,2,magic_abracadabra_arbitrum_2025,0,0.03331814507690962,0.15136529407547247,0.005221433471888304,0.3607505539668505
magic_abracadabra_arbitrum_2025__hn010,3,magic_abracadabra_arbitrum_2025,0,0.02662238657715655,0.14892990723342375,0.003020451171323657,0.35652831333134416
magic_abracadabra_arbitrum_2025__hn010,4,magic_abracadabra_arbitrum_2025,0,0.07088837168218372,0.15373137749257998,0.0335284024477005,0.36481985031322994
magic_abracadabra_arbitrum_2025__hn010,5,magic_abracadabra_arbitrum_2025,0,0.17919041184164586,0.23665288437997256,0.29673999547958374,0.4898947535368336
magic_abracadabra_arbitrum_2025__hn011,2,magic_abracadabra_arbitrum_2025,0,0.02474558019315013,0.021227921880013743,0.002528395736590028,0.0692279890223676
magic_abracadabra_arbitrum_2025__hn011,3,magic_abracadabra_arbitrum_2025,0,0.022917765360794092,0.01458601769552585,0.0020984625443816185,0.0489846819575288
magic_abracadabra_arbitrum_2025__hn011,4,magic_abracadabra_arbitrum_2025,0,0.009335729767730732,0.001529850627017535,0.0002407470456091687,0.0057810292762413154
magic_abracadabra_arbitrum_2025__hn011,5,magic_abracadabra_arbitrum_2025,0,0.00629252407838906,0.004147813205997437,9.360646072309464e-05,0.014985574730786771
magic_abracadabra_arbitrum_2025__hn011,7,magic_abracadabra_arbitrum_2025,0,0.00466258680537184,0.0007729415259479584,4.573166370391846e-05,0.0030042227494347876
magic_abracadabra_arbitrum_2025__hn011,11,magic_abracadabra_arbitrum_2025,0,0.002758318776371339,0.00015499337088185607,1.3075357855996117e-05,0.0006417189010818827
magic_abracadabra_arbitrum_2025__hn011,14,magic_abracadabra_arbitrum_2025,0,0.003885239205924927,0.0021695850246050683,2.9592121791210957e-05,0.008076006808571142
magic_abracadabra_arbitrum_2025__hn012,2,magic_abracadabra_arbitrum_2025,0,0.010494491911722918,0.04557715891700576,0.00031878179288469255,0.13711041414359804
magic_abracadabra_arbitrum_2025__hn012,3,magic_abracadabra_arbitrum_2025,0,0.007852418516415943,0.01673688030981393,0.00015902634186204523,0.055638799111989774
magic_abracadabra_arbitrum_2025__hn012,4,magic_abracadabra_arbitrum_2025,0,0.00985710529575606,0.015210497547691864,0.00027426998713053763,0.05092697504184094
magic_abracadabra_arbitrum_2025__hn012,5,magic_abracadabra_arbitrum_2025,0,0.005462482233138788,0.01472518901166937,6.675050099147484e-05,0.049418290185211065
magic_abracadabra_arbitrum_2025__hn012,6,magic_abracadabra_arbitrum_2025,0,0.006241419973374127,0.011600454037800077,9.179882181342691e-05,0.03957431415682372
magic_abracadabra_arbitrum_2025__hn012,7,magic_abracadabra_arbitrum_2025,0,0.004173735017784439,0.00846165649158436,3.51074559148401e-05,0.029435277769536104
magic_abracadabra_arbitrum_2025__hn013,1,magic_abracadabra_arbitrum_2025,0,0.0037077521419686655,2.233000267407437e-05,2.6468749638297595e-05,9.960159362549801e-05
magic_abracadabra_arbitrum_2025__hn013,2,magic_abracadabra_arbitrum_2025,0,0.0038728918446201137,0.013792303380413757,2.9368251489358954e-05,0.046503391599083926
magic_abracadabra_arbitrum_2025__hn013,3,magic_abracadabra_arbitrum_2025,0,0.0032410679087329828,0.019395152208750058,1.9204846466891468e-05,0.0637298580882766
magic_abracadabra_arbitrum_2025__hn014,2,magic_abracadabra_arbitrum_2025,0,0.022220234782013064,0.02196015172332244,0.0019468349637463689,0.07140707021092679
magic_abracadabra_arbitrum_2025__hn014,3,magic_abracadabra_arbitrum_2025,0,0.006641848560706344,0.00788718422194431,0.00010651871707523242,0.02754884021842695
magic_abracadabra_arbitrum_2025__hn014,5,magic_abracadabra_arbitrum_2025,0,0.004768174161208299,0.0007729415259479584,4.824335337616503e-05,0.0030042227494347876
magic_abracadabra_arbitrum_2025__hn014,7,magic_abracadabra_arbitrum_2025,0,0.004845541079838646,0.0008666578468749755,5.0133636250393465e-05,0.0033528990253054846
magic_abracadabra_arbitrum_2025__hn014,9,magic_abracadabra_arbitrum_2025,0,0.004805289129217588,0.006458148921780064,4.914488454232924e-05,0.02280963077523343
magic_abracadabra_arbitrum_2025__hn015,1,magic_abracadabra_arbitrum_2025,0,0.0032095263601692437,2.233000267407437e-05,1.8762246327241883e-05,9.960159362549801e-05
magic_abracadabra_arbitrum_2025__hn015,2,magic_abracadabra_arbitrum_2025,0,0.0035510641644125956,0.004125133693334754,2.387851600360591e-05,0.014907613612524753
magic_abracadabra_arbitrum_2025__hn016,2,magic_abracadabra_arbitrum_2025,0,0.010264712078487843,0.04207450528195892,0.00030228152172639966,0.1278692380789859
magic_abracadabra_arbitrum_2025__hn016,3,magic_abracadabra_arbitrum_2025,0,0.013362097672562781,0.01440308840010322,0.0005697813467122614,0.0484140792190365
magic_abracadabra_arbitrum_2025__hn016,4,magic_abracadabra_arbitrum_2025,0,0.0159227160371412,0.005646215941424411,0.0008693893323652446,0.020084749780717347
magic_abracadabra_arbitrum_2025__hn016,5,magic_abracadabra_arbitrum_2025,0,0.008940520804793347,0.002737458914487181,0.00021702793310396373,0.01008474978071735
magic_abracadabra_arbitrum_2025__hn016,7,magic_abracadabra_arbitrum_2025,0,0.009536454420895478,5.393092091887809e-05,0.0002533497754484415,0.0002325581395348837
magic_abracadabra_arbitrum_2025__hn016,10,magic_abracadabra_arbitrum_2025,0,0.005929683339254167,0.00047898178460825024,8.121493010548875e-05,0.001897615277793374
magic_abracadabra_arbitrum_2025__hn016,13,magic_abracadabra_arbitrum_2025,0,0.004944627085143785,0.00047898178460825024,5.2616687753470615e-05,0.001897615277793374
magic_abracadabra_arbitrum_2025__hn017,2,magic_abracadabra_arbitrum_2025,0,0.04538482346487792,0.2335014239443105,0.011147035285830498,0.4856832271473923
magic_abracadabra_arbitrum_2025__hn017,3,magic_abracadabra_arbitrum_2025,0,0.027754861761572325,0.17117238354305267,0.00334294349886477,0.39385887516557416
magic_abracadabra_arbitrum_2025__hn017,4,magic_abracadabra_arbitrum_2025,0,0.04533937228965378,0.1838378991946504,0.01111957523971796,0.4139511397603634
magic_abracadabra_arbitrum_2025__hn017,5,magic_abracadabra_arbitrum_2025,0,0.11935835069951387,0.22523847227187863,0.11965450644493103,0.4744606296896663
magic_abracadabra_arbitrum_2025__hn018,1,magic_abracadabra_arbitrum_2025,0,0.010817918453193983,0.00041443885097005765,0.0003428849158808589,0.0016513257315565325
magic_abracadabra_arbitrum_2025__hn018,2,magic_abracadabra_arbitrum_2025,0,0.012809781770358818,0.01860115089709588,0.0005147377378307283,0.06132791424419523
magic_abracadabra_arbitrum_2025__hn018,3,magic_abracadabra_arbitrum_2025,0,0.009104834374143878,0.00563928590758468,0.00022671434271614999,0.02006138392243132
magic_abracadabra_arbitrum_2025__hn019,1,magic_abracadabra_arbitrum_2025,0,0.0032095263601692437,2.233000267407437e-05,1.8762246327241883e-05,9.960159362549801e-05
magic_abracadabra_arbitrum_2025__hn019,2,magic_abracadabra_arbitrum_2025,0,0.005168522323039512,0.007616949048897462,5.848715591127984e-05,0.02665785260893247
magic_abracadabra_arbitrum_2025__hn020,1,magic_abracadabra_arbitrum_2025,0,0.016708615928543228,0.00041443885097005765,0.0009766006842255592,0.0016513257315565325
magic_abracadabra_arbitrum_2025__hn020,2,magic_abracadabra_arbitrum_2025,0,0.017198678450843434,0.015138505363141161,0.0010472179856151342,0.05070350013333513
magic_abracadabra_arbitrum_2025__hn020,3,magic_abracadabra_arbitrum_2025,0,0.015177136203557928,0.007405433993512336,0.0007744214963167906,0.025958819819867217
magic_abracadabra_arbitrum_2025__hn021,2,magic_abracadabra_arbitrum_2025,0,0.005783015968163093,0.028455526812469958,7.649551844224334e-05,0.09032629671686822
magic_abracadabra_arbitrum_2025__hn021,3,magic_abracadabra_arbitrum_2025,0,0.004191738402415361,0.019427354213894108,3.5469925933284685e-05,0.0638270135532352
magic_abracadabra_arbitrum_2025__hn021,4,magic_abracadabra_arbitrum_2025,0,0.004213664799889094,0.009022746918676244,3.591431232052855e-05,0.03126807516786584
magic_abracadabra_arbitrum_2025__hn021,5,magic_abracadabra_arbitrum_2025,0,0.010312230248095397,0.005418497180061596,0.0003056515415664762,0.019315955636068
magic_abracadabra_arbitrum_2025__hn022,2,magic_abracadabra_arbitrum_2025,0,0.006149435186641056,0.015504140484985232,8.859694207785651e-05,0.05183731487878229
magic_abracadabra_arbitrum_2025__hn022,3,magic_abracadabra_arbitrum_2025,0,0.004642987821475318,0.0007729415259479584,4.5274049625732005e-05,0.0030042227494347876
magic_abracadabra_arbitrum_2025__hn022,5,magic_abracadabra_arbitrum_2025,0,0.002869453718941131,0.00207633106885381,1.4366028153744992e-05,0.007743769123947221
magic_abracadabra_arbitrum_2025__hn022,6,magic_abracadabra_arbitrum_2025,0,0.0031649782421819764,0.00047898178460825024,1.8147340597352013e-05,0.001897615277793374
magic_abracadabra_arbitrum_2025__hn023,1,magic_abracadabra_arbitrum_2025,0,0.0037077521419686655,2.233000267407437e-05,2.6468749638297595e-05,9.960159362549801e-05
magic_abracadabra_arbitrum_2025__hn023,2,magic_abracadabra_arbitrum_2025,0,0.005714646525181872,0.012320550350937376,7.435175211867318e-05,0.04186360818284779
magic_abracadabra_arbitrum_2025__hn023,3,magic_abracadabra_arbitrum_2025,0,0.003274963851362635,0.005509058507300724,1.9687189706019126e-05,0.019621945068395496
hackerdao_2022__hn000,1,hackerdao_2022,0,0.003393060932911756,0.0044725127447203675,1.3931249668530654e-05,0.014069325309361249
hackerdao_2022__hn000,2,hackerdao_2022,0,0.003779858902676239,0.032463006309069745,1.811160473152995e-05,0.09463021513561554
hackerdao_2022__hn001,2,hackerdao_2022,0,0.5778446099109699,0.4305280903195642,0.9658830165863037,0.6956060734407218
hackerdao_2022__hn001,3,hackerdao_2022,0,0.06135790815175197,0.038288756352385184,0.017565589398145676,0.11017773063437901
hackerdao_2022__hn001,5,hackerdao_2022,0,0.016894940138101975,0.004154545574620107,0.0007025609957054257,0.013087298310074382
hackerdao_2022__hn001,6,hackerdao_2022,0,0.020214549367848136,0.00585105838761039,0.0010933929588645697,0.018304337872272657
hackerdao_2022__hn001,7,hackerdao_2022,0,0.046466362216277673,0.023662994470313236,0.008701100014150143,0.07040637078533449
hackerdao_2022__hn001,9,hackerdao_2022,0,0.039949150407619705,0.02596376905914199,0.005951723549515009,0.07682880244018112
hackerdao_2022__hn001,12,hackerdao_2022,0,0.0292410229050638,0.017457988723344236,0.0027298657223582268,0.05275439006653601
hackerdao_2022__hn002,1,hackerdao_2022,0,0.0023780683712082175,2.8674597599762657e-07,5.875172519154148e-06,0.0
hackerdao_2022__hn002,2,hackerdao_2022,0,0.005613808206231745,0.010035333759786571,4.7420457121916115e-05,0.030957457340097423
hackerdao_2022__hn002,3,hackerdao_2022,0,0.006646784970270705,0.005062203648378397,7.156880019465461e-05,0.015885293205995042
hackerdao_2022__hn003,1,hackerdao_2022,0,0.005489371946199875,0.0044725127447203675,4.490096398512833e-05,0.014069325309361249
hackerdao_2022__hn003,2,hackerdao_2022,0,0.10302209865808959,0.2606075688606366,0.0654420480132103,0.5176740208954679
hackerdao_2022__hn004,2,hackerdao_2022,0,0.016682237762611588,0.0020283477215796582,0.0006809860933572054,0.006463509203403856
hackerdao_2022__hn004,3,hackerdao_2022,0,0.010266344517308375,0.047185152988629436,0.00020692773978225887,0.13321565635547036
hackerdao_2022__hn004,5,hackerdao_2022,0,0.3895940568256026,0.44488644200759303,0.8168665170669556,0.70770003771756
hackerdao_2022__hn004,7,hackerdao_2022,0,0.13844892233161987,0.418703129593228,0.1364121437072754,0.6853624401724734
hackerdao_2022__hn004,26,hackerdao_2022,0,0.07538180990200571,0.06123512576406719,0.029625454917550087,0.16798324884091248
hackerdao_2022__hn004,51,hackerdao_2022,0,0.021065413148935893,0.006329580858148364,0.0012106264475733042,0.019766245542087654
hackerdao_2022__hn004,77,hackerdao_2022,0,0.018583235127337054,0.007307907856557475,0.0008883887785486877,0.022742673992673997
hackerdao_2022__hn004,102,hackerdao_2022,0,0.022843862699739183,0.011165974908656335,0.0014793298905715346,0.034328874057134924
hackerdao_2022__hn005,1,hackerdao_2022,0,0.0024248380121470316,2.8674597599762657e-07,6.1596688283316325e-06,0.0
hackerdao_2022__hn005,2,hackerdao_2022,0,0.008843523066201854,0.012426258512988127,0.0001436819147784263,0.03806443053331352
hackerdao_2022__hn005,3,hackerdao_2022,0,0.018371864888805083,0.009317145992326081,0.0008636818383820355,0.028805778491171753
hackerdao_2022__hn006,1,hackerdao_2022,0,0.002352873733472671,2.8674597599762657e-07,5.725189566874178e-06,0.0
hackerdao_2022__hn007,1,hackerdao_2022,0,0.005186085770239649,0.0044725127447203675,3.9097714761737734e-05,0.014069325309361249
hackerdao_2022__hn007,2,hackerdao_2022,0,0.01809851390643392,0.1541837056354491,0.0008323490619659424,0.35841698392205124
hackerdao_2022__hn008,1,hackerdao_2022,0,0.0022407840065742923,2.8674597599762657e-07,5.085405064164661e-06,0.0
hackerdao_2022__hn008,2,hackerdao_2022,0,0.0065219799863627725,0.021598440771121122,6.83365942677483e-05,0.06458766295795793
hackerdao_2022__hn009,2,hackerdao_2022,0,0.027523030568902963,0.00890151282514831,0.0023483000695705414,0.027556873738669777
hackerdao_2022__hn009,3,hackerdao_2022,0,0.02394603264806181,0.006957397094015891,0.0016624159179627895,0.021678173609969646
hackerdao_2022__hn009,5,hackerdao_2022,0,0.026074378221482758,0.016183690412072176,0.0020532335620373487,0.04906707515197297
hackerdao_2022__hn009,7,hackerdao_2022,0,0.025765003704323382,0.01627034669636882,0.0019933083094656467,0.04931851815341598
hackerdao_2022__hn009,207,hackerdao_2022,0,0.009661370891614977,0.01918477205056364,0.00017836055485531688,0.05771654845424279
hackerdao_2022__hn009,414,hackerdao_2022,0,0.005101072881031086,0.021432112099177374,3.755567013286054e-05,0.06411655473231408
hackerdao_2022__hn009,621,hackerdao_2022,0,0.005161034934853162,0.011306306240708474,3.8639507693005726e-05,0.03474598333280489
hackerdao_2022__hn009,828,hackerdao_2022,0,0.0044115415086616394,0.013287965077594843,2.637443867570255e-05,0.04060528630164132
hackerdao_2022__hn010,2,hackerdao_2022,0,0.06648092985871468,0.03760812154082491,0.02152879349887371,0.10838058885325434
hackerdao_2022__hn010,3,hackerdao_2022,0,0.07563558646311225,0.038042045744352646,0.02987964265048504,0.10952689965030045
hackerdao_2022__hn010,5,hackerdao_2022,0,0.03472452705587828,0.03822881104174019,0.00419046962633729,0.11001965356669524
hackerdao_2022__hn010,7,hackerdao_2022,0,0.03472452705587828,0.03230559080476139,0.00419046962633729,0.09420484213487618
hackerdao_2022__hn010,133,hackerdao_2022,0,0.007846824476095967,0.019718848247372613,0.0001072937884600833,0.05924338832011749
hackerdao_2022__hn010,265,hackerdao_2022,0,0.004406240950586456,0.019517455602587892,2.6297409931430593e-05,0.05866807312315453
hackerdao_2022__hn010,397,hackerdao_2022,0,0.003700446337367643,0.012453563051905479,1.7200361980940215e-05,0.038145105757799225
hackerdao_2022__hn010,529,hackerdao_2022,0,0.0036728632490095788,0.01025388041355523,1.6890329789021052e-05,0.03161064348804285
hackerdao_2022__hn011,1,hackerdao_2022,0,0.0022407840065742923,2.8674597599762657e-07,5.085405064164661e-06,0.0
hackerdao_2022__hn011,2,hackerdao_2022,0,0.004825802627509533,0.01073284924603659,3.281194585724734e-05,0.03303963222883747
hackerdao_2022__hn012,2,hackerdao_2022,0,0.06933338957625909,0.04643675602716395,0.023952718824148178,0.13130926634636014
hackerdao_2022__hn012,3,hackerdao_2022,0,0.07563558646311225,0.036155016184346085,0.02987964265048504,0.10452689965030044
hackerdao_2022__hn012,5,hackerdao_2022,0,0.03472452705587828,0.03822881104174019,0.00419046962633729,0.11001965356669524
hackerdao_2022__hn012,7,hackerdao_2022,0,0.036267354415544795,0.03716169589046187,0.004671589937061071,0.10719911183188001
hackerdao_2022__hn012,129,hackerdao_2022,0,0.010172951993595058,0.03558528160797158,0.00020235237025190145,0.10300960623111752
hackerdao_2022__hn012,258,hackerdao_2022,0,0.0046104956979603935,0.01670037003957439,2.9362568966462277e-05,0.050564775625307014
hackerdao_2022__hn012,387,hackerdao_2022,0,0.003991149467235942,0.011419372664837191,2.0672649043262936e-05,0.035081839826426674
hackerdao_2022__hn012,516,hackerdao_2022,0,0.003961408096633552,0.01040999527286993,2.0300032701925375e-05,0.03207678932137618
hackerdao_2022__hn013,2,hackerdao_2022,0,0.021328359364377693,0.04045387359298333,0.0012483192840591073,0.1158612346790317
hackerdao_2022__hn013,3,hackerdao_2022,0,0.04191765537933125,0.1314205245306655,0.006715303752571344,0.31718494658930707
hackerdao_2022__hn013,5,hackerdao_2022,0,0.2611351421923273,0.3274436411848022,0.5159006118774414,0.5964377652402171
hackerdao_2022__hn013,7,hackerdao_2022,0,0.21008368637622515,0.26039388782203954,0.34862181544303894,0.5173997348295045
hackerdao_2022__hn013,52,hackerdao_2022,0,0.14765444102910738,0.10413246696642407,0.15929631888866425,0.26349906227726694
hackerdao_2022__hn013,104,hackerdao_2022,0,0.042891260841107344,0.020197312537803776,0.00711400480940938,0.06060810810810811
hackerdao_2022__hn013,156,hackerdao_2022,0,0.04063196481915534,0.01370195767884441,0.006210205610841513,0.04182222294064399
hackerdao_2022__hn013,208,hackerdao_2022,0,0.03504896323210282,0.006605746092483323,0.004289000295102596,0.020608108108108106
hackerdao_2022__hn014,1,hackerdao_2022,0,0.0036411815113344234,0.00562815485016578,1.653832987358328e-05,0.017621956888308615
hackerdao_2022__hn014,2,hackerdao_2022,0,0.01062352437527367,0.04751727994908383,0.000224991628783755,0.13405986216097499
hackerdao_2022__hn015,1,hackerdao_2022,0,0.012054290108908895,0.010192998568578514,0.0003065945056732744,0.03142875484314984
hackerdao_2022__hn015,2,hackerdao_2022,0,0.013728289519786266,0.020858552378549573,0.00042178313015028834,0.0624893147862462
hackerdao_2022__hn015,3,hackerdao_2022,0,0.013874560074117701,0.02436902746739999,0.0004329014918766916,0.07238409303115186
hackerdao_2022__hn015,4,hackerdao_2022,0,0.01773446052237485,0.00640621811083562,0.0007916948525235057,0.02
hackerdao_2022__hn016,2,hackerdao_2022,0,0.017807020465944158,0.16756605863319954,0.0007997002103365958,0.3813034015398953
hackerdao_2022__hn016,3,hackerdao_2022,0,0.008429133265602089,0.07532140167864569,0.0001277867122553289,0.20101302914672484
hackerdao_2022__hn016,5,hackerdao_2022,0,0.027660504030284108,0.06924175631999004,0.002377555938437581,0.1869713285850018
hackerdao_2022__hn016,7,hackerdao_2022,0,0.013066465654135061,0.032574605441871095,0.0003736190847121179,0.09493161107014876
hackerdao_2022__hn016,11,hackerdao_2022,0,0.02481680922744614,0.015660605890103523,0.001816289615817368,0.047547116175492586
hackerdao_2022__hn016,22,hackerdao_2022,0,0.017057048995073015,0.009256946745084468,0.000719275907613337,0.028625058422302577
hackerdao_2022__hn016,33,hackerdao_2022,0,0.07554560006018364,0.06029132783562874,0.029789358377456665,0.16570666536680156
hackerdao_2022__hn016,43,hackerdao_2022,0,0.052059055755992546,0.04779086832108961,0.011589028872549534,0.13475443567239898
hackerdao_2022__hn017,1,hackerdao_2022,0,0.0048152742553813155,0.0032173130627449384,3.263799226260744e-05,0.010180436420472361
hackerdao_2022__hn017,2,hackerdao_2022,0,0.0384317667912833,0.10734395179751811,0.0054011717438697815,0.270078639584423
hackerdao_2022__hn017,3,hackerdao_2022,0,0.10749140566949844,0.16937878323142086,0.07283418625593185,0.38433109870431087
hackerdao_2022__hn018,2,hackerdao_2022,0,0.06648092985871468,0.03760812154082491,0.02152879349887371,0.10838058885325434
hackerdao_2022__hn018,3,hackerdao_2022,0,0.07563558646311225,0.03847484559720033,0.02987964265048504,0.11066820399812655
hackerdao_2022__hn018,5,hackerdao_2022,0,0.03472452705587828,0.03822881104174019,0.00419046962633729,0.11001965356669524
hackerdao_2022__hn018,7,hackerdao_2022,0,0.036267354415544795,0.03794451359132183,0.004671589937061071,0.10926942433188001
hackerdao_2022__hn018,140,hackerdao_2022,0,0.007846824476095967,0.019840614658929747,0.0001072937884600833,0.059590981903005186
hackerdao_2022__hn018,279,hackerdao_2022,0,0.004274874899290878,0.016659426258608792,2.4430712073808536e-05,0.05044622337486138
hackerdao_2022__hn018,418,hackerdao_2022,0,0.0035363654722199538,0.01585074878811685,1.540479570394382e-05,0.04810005779305979
hackerdao_2022__hn018,557,hackerdao_2022,0,0.0036728632490095788,0.01025388041355523,1.6890329789021052e-05,0.03161064348804285
hackerdao_2022__hn019,1,hackerdao_2022,0,0.003460722527505224,0.0044725127447203675,1.4616100088460371e-05,0.014069325309361249
hackerdao_2022__hn019,2,hackerdao_2022,0,0.06042720063510153,0.15339528727159749,0.016898056492209435,0.3570384963552056
hackerdao_2022__hn020,2,hackerdao_2022,0,0.018197199535371623,0.018892529910223912,0.0008435806375928223,0.056879503179501946
hackerdao_2022__hn020,3,hackerdao_2022,0,0.10703325660271645,0.3532344288563941,0.07205546647310257,0.6235046901604062
hackerdao_2022__hn020,4,hackerdao_2022,0,0.09274869962285373,0.13437154241442564,0.05016645789146423,0.32270310011761383
hackerdao_2022__hn020,5,hackerdao_2022,0,0.050240421288584754,0.26388949691653263,0.010594058781862259,0.5218672364144817
hackerdao_2022__hn020,7,hackerdao_2022,0,0.05514435507736522,0.27832643301779775,0.013404282741248608,0.5398874499157932
hackerdao_2022__hn020,11,hackerdao_2022,0,0.05090396942279789,0.24047138229488818,0.010950736701488495,0.4911207833851234
hackerdao_2022__hn020,14,hackerdao_2022,0,0.05991019366362554,0.1152008571919767,0.016534077003598213,0.28587309922265414
hackerdao_2022__hn021,1,hackerdao_2022,0,0.0023780683712082175,2.8674597599762657e-07,5.875172519154148e-06,0.0
hackerdao_2022__hn021,2,hackerdao_2022,0,0.009077347241988339,0.014003569708141445,0.00015314332267735153,0.04270728767617066
hackerdao_2022__hn021,3,hackerdao_2022,0,0.0073688957064605475,0.0013890381223874877,9.20386373763904e-05,0.004448717948717948
hackerdao_2022__hn022,2,hackerdao_2022,0,0.05170088531728196,0.037433195319946454,0.011388729326426983,0.10791790120326868
hackerdao_2022__hn022,3,hackerdao_2022,0,0.046224416283031,0.03482628723736028,0.008587474934756756,0.10098269738013353
hackerdao_2022__hn022,5,hackerdao_2022,0,0.048709634916621974,0.028169389082775918,0.00979867484420538,0.08292559738952165
hackerdao_2022__hn022,7,hackerdao_2022,0,0.04315009796604956,0.04169406633396434,0.007222379557788372,0.11909422972617723
hackerdao_2022__hn022,250,hackerdao_2022,0,0.013173729290092062,0.011441294739882465,0.0003811888745985925,0.03514693599605148
hackerdao_2022__hn022,500,hackerdao_2022,0,0.006163582789137283,0.010065114053211983,5.954193329671398e-05,0.03104650683657365
hackerdao_2022__hn022,750,hackerdao_2022,0,0.0076144103284563475,0.010494466356553052,9.970197424991056e-05,0.03232885854918852
hackerdao_2022__hn022,1000,hackerdao_2022,0,0.008158957385046421,0.00894619439570526,0.0001180141480290331,0.02769126465303955
hackerdao_2022__hn023,2,hackerdao_2022,0,0.013283933510264334,0.05324806860160279,0.00038906087866052985,0.14845302320978057
hackerdao_2022__hn023,3,hackerdao_2022,0,0.010197371421701509,0.026947698350496395,0.00020354280422907323,0.07955576879192136
hackerdao_2022__hn023,4,hackerdao_2022,0,0.014092751991056987,0.0307332340116395,0.000449809362180531,0.08994042736156357
hackerdao_2022__hn023,5,hackerdao_2022,0,0.015796738211808513,0.033254360372352174,0.0005954634980298579,0.09676437655495876
hackerdao_2022__hn024,1,hackerdao_2022,0,0.0032407411039950783,0.0044725127447203675,1.245989460585406e-05,0.014069325309361249
hackerdao_2022__hn024,2,hackerdao_2022,0,0.01785246832187404,0.07075187020703075,0.000804739014711231,0.19048885917966832
new_free_dao_2022__hn000,2,new_free_dao_2022,0,0.043124491403110234,0.031713736482821754,0.005206356290727854,0.08780943735356958
new_free_dao_2022__hn000,3,new_free_dao_2022,0,0.06423341910849653,0.03608651306333411,0.015006491914391518,0.09925541208245672
new_free_dao_2022__hn000,5,new_free_dao_2022,0,0.03428083486495071,0.020681208567867825,0.002846358809620142,0.05817721133583491
new_free_dao_2022__hn000,7,new_free_dao_2022,0,0.028309054090631437,0.017139827292039327,0.001725333509966731,0.04843695159557516
new_free_dao_2022__hn000,87,new_free_dao_2022,0,0.01422896795211455,0.0062460399588790145,0.00029035209445282817,0.017819874566940837
new_free_dao_2022__hn000,174,new_free_dao_2022,0,0.011607923723961853,0.00633868759991082,0.00017198905698023736,0.018083944890581467
new_free_dao_2022__hn000,261,new_free_dao_2022,0,0.008079091916743377,0.0005119503896526819,6.790558836655691e-05,0.0014365795171014434
new_free_dao_2022__hn000,348,new_free_dao_2022,0,0.01021810720404801,0.004215442961536191,0.00012397082173265517,0.012020978494083541
new_free_dao_2022__hn001,1,new_free_dao_2022,0,0.006553426759377487,7.225496067855228e-05,3.9754810131853446e-05,0.00019862490450725745
new_free_dao_2022__hn001,2,new_free_dao_2022,0,0.00594971137296487,0.00780858044164069,3.10549366986379e-05,0.022266426042499902
new_free_dao_2022__hn001,3,new_free_dao_2022,0,0.0037631435565362538,0.001639295564823394,9.648932973504998e-06,0.004649125639357295
new_free_dao_2022__hn002,2,new_free_dao_2022,0,0.20867257978893317,0.23552521440535545,0.31731534004211426,0.48130604795770887
new_free_dao_2022__hn002,3,new_free_dao_2022,0,0.1395202671399975,0.14203500839893834,0.1190745010972023,0.33121206676424686
new_free_dao_2022__hn002,5,new_free_dao_2022,0,0.1865032848518455,0.1289505636969906,0.24572473764419556,0.30667548771825254
new_free_dao_2022__hn002,7,new_free_dao_2022,0,0.10794687331980755,0.07965441306197228,0.06040816381573677,0.20450883475093007
new_free_dao_2022__hn002,119,new_free_dao_2022,0,0.010745628457125981,0.004349290567589526,0.00014106484013609588,0.012403775540045636
new_free_dao_2022__hn002,238,new_free_dao_2022,0,0.007098305487569185,0.0018091255677266367,4.876175444223918e-05,0.005134672550012415
new_free_dao_2022__hn002,357,new_free_dao_2022,0,0.006271850985229993,0.0015534483592316124,3.5533845220925286e-05,0.004403775540045638
new_free_dao_2022__hn002,476,new_free_dao_2022,0,0.006475748120465002,0.0011732132805979626,3.856139301205985e-05,0.0033180345164456116
new_free_dao_2022__hn003,1,new_free_dao_2022,0,0.004672305483625559,0.0011125993049661157,1.6755375327193178e-05,0.003145139881560139
new_free_dao_2022__hn004,2,new_free_dao_2022,0,0.04354288544322993,0.15923261197532135,0.005340803414583206,0.36199886183224
new_free_dao_2022__hn004,3,new_free_dao_2022,0,0.04604292594922959,0.09433514265616047,0.006190079730004072,0.23665789997607944
new_free_dao_2022__hn004,4,new_free_dao_2022,0,0.025640438661269707,0.12286983072492112,0.001332959858700633,0.2949274337081009
new_free_dao_2022__hn004,5,new_free_dao_2022,0,0.05430612099971037,0.14779130653742625,0.009590799920260906,0.34169684221626684
new_free_dao_2022__hn004,6,new_free_dao_2022,0,0.03635942653574767,0.005557956686278605,0.0033218879252672195,0.015857142857142858
new_free_dao_2022__hn004,7,new_free_dao_2022,0,0.04673407751170949,0.010733593271129608,0.006439020857214928,0.030544642857142854
new_free_dao_2022__hn004,8,new_free_dao_2022,0,0.06983371839801476,0.018680345835437682,0.018768735229969025,0.0526875
new_free_dao_2022__hn005,1,new_free_dao_2022,0,0.0052839406119082645,7.225496067855228e-05,2.2935642846277915e-05,0.00019862490450725745
new_free_dao_2022__hn005,2,new_free_dao_2022,0,0.0067374816996241624,0.006941404424995283,4.2671876144595444e-05,0.019800591463906354
new_free_dao_2022__hn006,1,new_free_dao_2022,0,0.009796366555606258,0.0011125993049661157,0.00011126716708531603,0.003145139881560139
new_free_dao_2022__hn007,1,new_free_dao_2022,0,0.0147101229734967,0.001524693770013471,0.00031632318859919906,0.004321610469795433
new_free_dao_2022__hn007,2,new_free_dao_2022,0,0.04111739848010764,0.08745251778143638,0.0045912000350654125,0.22177908084074294
new_free_dao_2022__hn009,2,new_free_dao_2022,0,0.03451223522061791,0.02456588134216143,0.0028970218263566494,0.06873446247715521
new_free_dao_2022__hn009,3,new_free_dao_2022,0,0.006260098786799206,0.0053851638017796645,3.536394069669768e-05,0.015363860277653381
new_free_dao_2022__hn009,5,new_free_dao_2022,0,0.006122001525777333,0.0028511013147441834,3.34045325871557e-05,0.008116477272727273
new_free_dao_2022__hn009,6,new_free_dao_2022,0,0.014013843232686911,0.0034918424090997708,0.00027918166597373784,0.009950590140156918
new_free_dao_2022__hn010,1,new_free_dao_2022,0,0.004578384735451212,7.225496067855228e-05,1.590940883033909e-05,0.00019862490450725745
new_free_dao_2022__hn011,2,new_free_dao_2022,0,0.09493677615019969,0.33427292503972195,0.04280936345458031,0.6032365812501809
new_free_dao_2022__hn011,3,new_free_dao_2022,0,0.1056046499461227,0.14313958012878347,0.05696367844939232,0.3332383530742888
new_free_dao_2022__hn011,5,new_free_dao_2022,0,0.16370192595402516,0.30136293035231154,0.17903295159339905,0.565967540838669
new_free_dao_2022__hn011,7,new_free_dao_2022,0,0.12433280281320469,0.25327789222370795,0.0879971981048584,0.5056007894407383
new_free_dao_2022__hn011,24,new_free_dao_2022,0,0.05447832987367344,0.032244208445634165,0.009671906009316444,0.08920697985378868
new_free_dao_2022__hn011,47,new_free_dao_2022,0,0.00990321242638654,0.0013365049758083099,0.00011440600792411715,0.003784084467120181
new_free_dao_2022__hn011,70,new_free_dao_2022,0,0.015565789539700989,0.009209807301497131,0.00036595421261154115,0.026239958708708707
new_free_dao_2022__hn011,93,new_free_dao_2022,0,0.007973491041641032,0.002578305472932036,6.565650983247906e-05,0.007335577091086211
new_free_dao_2022__hn012,2,new_free_dao_2022,0,0.02217259948864823,0.015230777610545101,0.0009137152810581028,0.04314109204182778
new_free_dao_2022__hn012,3,new_free_dao_2022,0,0.020385002639980707,0.00865507615227493,0.00073479232378304,0.02466854777434451
new_free_dao_2022__hn012,5,new_free_dao_2022,0,0.015015065309882147,0.006579667396577128,0.0003334993380121887,0.018770563722630213
new_free_dao_2022__hn012,7,new_free_dao_2022,0,0.015032191911173304,0.004296850133648558,0.0003344806900713593,0.01225380616341012
new_free_dao_2022__hn012,85,new_free_dao_2022,0,0.015444061200622937,0.006021616355185314,0.0003586200182326138,0.017180002858826145
new_free_dao_2022__hn012,169,new_free_dao_2022,0,0.0042390312260734125,0.0007906755628765758,1.3071978173684329e-05,0.002228119019509305
new_free_dao_2022__hn012,254,new_free_dao_2022,0,0.005599018226910558,0.0033234848281861445,2.6591276764520444e-05,0.009468710604980703
new_free_dao_2022__hn012,338,new_free_dao_2022,0,0.00578116890233922,0.01641021373534681,2.8856924473075196e-05,0.04641664166565876
new_free_dao_2022__hn013,1,new_free_dao_2022,0,0.004578384735451212,7.225496067855228e-05,1.590940883033909e-05,0.00019862490450725745
new_free_dao_2022__hn014,1,new_free_dao_2022,0,0.0034657387030152154,7.225496067855228e-05,7.822547559044324e-06,0.00019862490450725745
new_free_dao_2022__hn015,1,new_free_dao_2022,0,0.010341604460620801,0.002181776597438975,0.00012785143917426467,0.006200695437115694
new_free_dao_2022__hn015,2,new_free_dao_2022,0,0.02223454885597081,0.048321955876309844,0.000920354388654232,0.1303964736394489
new_free_dao_2022__hn015,3,new_free_dao_2022,0,0.01200051155160364,0.006183987375426814,0.00018733421165961772,0.017642980401434857
new_free_dao_2022__hn016,1,new_free_dao_2022,0,0.013522554943900393,0.0039286946288457384,0.0002546762116253376,0.011200695437115694
new_free_dao_2022__hn016,2,new_free_dao_2022,0,0.005745635953420883,0.018351997808651505,2.84060588455759e-05,0.051783266916850056
new_free_dao_2022__hn016,3,new_free_dao_2022,0,0.03741835086147167,0.03180503679401872,0.003582174191251397,0.08805014804554774
new_free_dao_2022__hn017,1,new_free_dao_2022,0,0.0075178566680899495,7.225496067855228e-05,5.647778743878007e-05,0.00019862490450725745
new_free_dao_2022__hn017,2,new_free_dao_2022,0,0.006888983621582868,0.01782789183221145,4.5168435462983325e-05,0.050337989369059685
new_free_dao_2022__hn018,1,new_free_dao_2022,0,0.007196876242626774,7.225496067855228e-05,5.0512458983575925e-05,0.00019862490450725745
new_free_dao_2022__hn018,2,new_free_dao_2022,0,0.009819663726606373,0.008558980615583682,0.00011194701073691249,0.02439610827554993
new_free_dao_2022__hn018,3,new_free_dao_2022,0,0.007103380944046289,0.006032461041651661,4.885097951046191e-05,0.017210929568831763
new_free_dao_2022__hn019,1,new_free_dao_2022,0,0.007196876242626774,7.225496067855228e-05,5.0512458983575925e-05,0.00019862490450725745
new_free_dao_2022__hn019,2,new_free_dao_2022,0,0.009037878261213482,0.010905686233138647,9.050027438206598e-05,0.03102968354329951
new_free_dao_2022__hn019,3,new_free_dao_2022,0,0.009263038440883683,0.010529378803430472,9.639142808737233e-05,0.02996876876876877
new_free_dao_2022__hn020,1,new_free_dao_2022,0,0.05564893650899522,0.006200631104112256,0.010234806686639786,0.017690429090787968
new_free_dao_2022__hn020,2,new_free_dao_2022,0,0.015689088340459862,0.06084935528349475,0.0003734768251888454,0.16096962016440058
new_free_dao_2022__hn020,3,new_free_dao_2022,0,0.10332547027779877,0.33898587877801845,0.05372960865497589,0.6083316696486681
new_free_dao_2022__hn020,4,new_free_dao_2022,0,0.024923903699859314,0.006791905873839815,0.0012381885899230838,0.019375
new_free_dao_2022__hn021,1,new_free_dao_2022,0,0.009237770102886766,0.0013327803951023425,9.57189331529662e-05,0.003773450079332433
new_free_dao_2022__hn021,2,new_free_dao_2022,0,0.008387546765230023,0.009327620842226594,7.474301673937589e-05,0.026573404776823798
new_free_dao_2022__hn021,3,new_free_dao_2022,0,0.007093902794081487,0.005367774375592922,4.868444011663087e-05,0.015314209244559642
new_free_dao_2022__hn021,4,new_free_dao_2022,0,0.009150385005959804,0.004978637542504747,9.34154522838071e-05,0.014202746219664891
new_free_dao_2022__hn023,1,new_free_dao_2022,0,0.004631479380828325,0.0010436770683392657,1.6384359696530737e-05,0.0029486249045072577
new_free_dao_2022__hn024,2,new_free_dao_2022,0,0.11023100562399653,0.22048549946921214,0.06388618052005768,0.45978411987565215
new_free_dao_2022__hn024,3,new_free_dao_2022,0,0.06101571498352511,0.12261932662590903,0.013081553392112255,0.29443862364669277
new_free_dao_2022__hn024,5,new_free_dao_2022,0,0.06224186303798997,0.08799684411229117,0.013795279897749424,0.222968076932526
new_free_dao_2022__hn024,7,new_free_dao_2022,0,0.03222462207013825,0.06965000533200838,0.0024205108638852835,0.18168727225183892
new_free_dao_2022__hn024,52,new_free_dao_2022,0,0.015218582928110154,0.019615745971832667,0.0003452762321103364,0.05525831051337262
new_free_dao_2022__hn024,104,new_free_dao_2022,0,0.00831923003973166,0.00913933203818113,7.319395081140101e-05,0.02604044467047723
new_free_dao_2022__hn024,156,new_free_dao_2022,0,0.008455982054128819,0.010919411969729948,7.631475455127656e-05,0.031068359284598737
new_free_dao_2022__hn024,207,new_free_dao_2022,0,0.008190248736185256,0.006406608230056901,7.032330904621631e-05,0.018277504711885093
chibi_finance_2023__hnc000,1,chibi_finance_2023,0,0.0038039470718329075,3.4271900762898296e-05,2.651065915415529e-05,0.00011904761904761905
chibi_finance_2023__hnc000,2,chibi_finance_2023,0,0.004189393640773972,0.013256154284719913,3.34678879880812e-05,0.04203622844459023
chibi_finance_2023__hnc000,3,chibi_finance_2023,0,0.002426390545351283,0.0010931911595071534,8.961189450928941e-06,0.0036549329459817405
chibi_finance_2023__hnc001,1,chibi_finance_2023,0,0.0031901307481490243,3.4271900762898296e-05,1.7337330064037815e-05,0.00011904761904761905
chibi_finance_2023__hnc001,2,chibi_finance_2023,0,0.003797642370796751,0.005500482588430467,2.6404712116345763e-05,0.017905556352018424
chibi_finance_2023__hnc002,1,chibi_finance_2023,0,0.0031901307481490243,3.4271900762898296e-05,1.7337330064037815e-05,0.00011904761904761905
chibi_finance_2023__hnc002,2,chibi_finance_2023,0,0.002356327184012647,0.005341949880529987,8.350059943040833e-06,0.017400930390402154
chibi_finance_2023__hnc003,1,chibi_finance_2023,0,0.002570181505412332,3.4271900762898296e-05,1.029547092912253e-05,0.00011904761904761905
chibi_finance_2023__hnc004,1,chibi_finance_2023,0,0.0038039470718329075,3.4271900762898296e-05,2.651065915415529e-05,0.00011904761904761905
chibi_finance_2023__hnc004,2,chibi_finance_2023,0,0.0030205194260301835,0.007528172343749679,1.5196518688753713e-05,0.024316620559192564
chibi_finance_2023__hnc004,3,chibi_finance_2023,0,0.0022254228076169294,0.00751429460801602,7.2753746280795895e-06,0.02427300553870825
chibi_finance_2023__hnc005,1,chibi_finance_2023,0,0.0031901307481490243,3.4271900762898296e-05,1.7337330064037815e-05,0.00011904761904761905
chibi_finance_2023__hnc005,2,chibi_finance_2023,0,0.0030121610430350124,0.003351995005852878,1.5095281014509965e-05,0.011020876229571612
chibi_finance_2023__hnc006,1,chibi_finance_2023,0,0.002570181505412332,3.4271900762898296e-05,1.029547092912253e-05,0.00011904761904761905
chibi_finance_2023__hnc007,1,chibi_finance_2023,0,0.005649083317909792,0.0013778799344829327,6.892377859912813e-05,0.004592731829573935
chibi_finance_2023__hnc007,2,chibi_finance_2023,0,0.008104805714586504,0.02736107320863464,0.00016516479081474245,0.08356648933650143
chibi_finance_2023__hnc008,1,chibi_finance_2023,0,0.0031901307481490243,3.4271900762898296e-05,1.7337330064037815e-05,0.00011904761904761905
chibi_finance_2023__hnc008,2,chibi_finance_2023,0,0.0028961092259554297,0.01850009404479298,1.3730435966863297e-05,0.05780538788695578
chibi_finance_2023__hnc009,1,chibi_finance_2023,0,0.002570181505412332,3.4271900762898296e-05,1.029547092912253e-05,0.00011904761904761905
deltaprime_arbitrum_2024__hnc000,2,deltaprime_arbitrum_2024,0,0.017248915716518907,0.03411607622134959,0.0009808895410969853,0.08915386508879536
deltaprime_arbitrum_2024__hnc000,3,deltaprime_arbitrum_2024,0,0.07234996513325744,0.037901831180601676,0.032536059617996216,0.09914308629116098
deltaprime_arbitrum_2024__hnc000,5,deltaprime_arbitrum_2024,0,0.03260512152015534,0.019725847469177077,0.004585907328873873,0.050775417741362905
deltaprime_arbitrum_2024__hnc000,7,deltaprime_arbitrum_2024,0,0.010668238654554886,0.01355798631726596,0.0003094881249126047,0.034302127647971574
deltaprime_arbitrum_2024__hnc000,56,deltaprime_arbitrum_2024,0,0.008718797626843027,0.006300608346708653,0.0001909999264171347,0.015239609602353175
deltaprime_arbitrum_2024__hnc000,112,deltaprime_arbitrum_2024,0,0.004582903392993779,0.0006940621017110772,4.121255551581271e-05,0.0014374280734545646
deltaprime_arbitrum_2024__hnc000,168,deltaprime_arbitrum_2024,0,0.0042061803982109194,0.0028106680542981754,3.3603169868001714e-05,0.006437428073454566
deltaprime_arbitrum_2024__hnc000,224,deltaprime_arbitrum_2024,0,0.01102418420760552,0.0054438414045196335,0.00033479175181128085,0.013042767178793668
deltaprime_arbitrum_2024__hnc001,1,deltaprime_arbitrum_2024,0,0.0055202214775806405,0.002326579459800411,6.418982229661196e-05,0.00525824012041587
deltaprime_arbitrum_2024__hnc002,1,deltaprime_arbitrum_2024,0,0.007565618216734286,0.002326579459800411,0.00013610770110972226,0.00525824012041587
deltaprime_arbitrum_2024__hnc003,1,deltaprime_arbitrum_2024,0,0.004189265821223539,0.002326579459800411,3.328255479573272e-05,0.00525824012041587
deltaprime_arbitrum_2024__hnc004,1,deltaprime_arbitrum_2024,0,0.004042898888579178,0.00048487544963875213,3.05824723909609e-05,0.0009781468531468531
deltaprime_arbitrum_2024__hnc007,1,deltaprime_arbitrum_2024,0,0.004470459175810412,0.00048487544963875213,3.884659236064181e-05,0.0009781468531468531
deltaprime_arbitrum_2024__hnc007,2,deltaprime_arbitrum_2024,0,0.0051639465419773874,0.04409193545057959,5.47585150343366e-05,0.11533288007309331
deltaprime_arbitrum_2024__hnc007,3,deltaprime_arbitrum_2024,0,0.005655559871021101,0.06087720902273622,6.800291157560423e-05,0.1581666212708278
deltaprime_arbitrum_2024__hnc008,1,deltaprime_arbitrum_2024,0,0.004470459175810412,0.00048487544963875213,3.884659236064181e-05,0.0009781468531468531
deltaprime_arbitrum_2024__hnc008,2,deltaprime_arbitrum_2024,0,0.0051639465419773874,0.04409193545057959,5.47585150343366e-05,0.11533288007309331
deltaprime_arbitrum_2024__hnc008,3,deltaprime_arbitrum_2024,0,0.005484054474997267,0.06288136595413654,6.3192484958563e-05,0.16316662127082782
deltaprime_arbitrum_2024__hnc009,1,deltaprime_arbitrum_2024,0,0.003888791220791123,0.003948347634938848,2.788206074910704e-05,0.009258240120415871
feg_bridge_2024__hnc000,1,feg_bridge_2024,0,0.33979540765050237,4.05149524997287e-07,0.710625946521759,0.0
feg_bridge_2024__hnc000,2,feg_bridge_2024,0,0.23286353886739078,0.025261291374332,0.39473891258239746,0.06898694977441502
feg_bridge_2024__hnc001,1,feg_bridge_2024,0,0.2212922926901013,4.05149524997287e-07,0.3559437096118927,0.0
feg_bridge_2024__hnc002,1,feg_bridge_2024,0,0.3404510949804263,4.05149524997287e-07,0.7121321558952332,0.0
feg_bridge_2024__hnc003,1,feg_bridge_2024,0,0.2212922926901013,4.05149524997287e-07,0.3559437096118927,0.0
feg_bridge_2024__hnc004,1,feg_bridge_2024,0,0.2212922926901013,4.05149524997287e-07,0.3559437096118927,0.0
feg_bridge_2024__hnc005,1,feg_bridge_2024,0,0.31756043500971953,4.05149524997287e-07,0.6559529304504395,0.0
feg_bridge_2024__hnc006,1,feg_bridge_2024,0,0.3763486593870935,0.007684537709884801,0.7855006456375122,0.021324552431055323
feg_bridge_2024__hnc007,1,feg_bridge_2024,0,0.3404510949804263,4.05149524997287e-07,0.7121321558952332,0.0
feg_bridge_2024__hnc008,1,feg_bridge_2024,0,0.33979540765050237,4.05149524997287e-07,0.710625946521759,0.0
feg_bridge_2024__hnc008,2,feg_bridge_2024,0,0.14317000176346997,0.014164501522896026,0.12713488936424255,0.039163917751864445
feg_bridge_2024__hnc009,1,feg_bridge_2024,0,0.2212922926901013,4.05149524997287e-07,0.3559437096118927,0.0
ronin_bridge_2022__hnc000,1,ronin_bridge_2022,0,0.006405515509894375,0.0009678767103914145,0.0004730848013423383,0.0060009469696969695
ronin_bridge_2022__hnc000,2,ronin_bridge_2022,0,0.007281209271618344,0.0036578749191369417,0.0006096279248595238,0.018963652759012396
ronin_bridge_2022__hnc001,1,ronin_bridge_2022,0,0.006942512743102452,0.0009678767103914145,0.0005547759355977178,0.0060009469696969695
ronin_bridge_2022__hnc001,2,ronin_bridge_2022,0,0.004501360946462374,0.04497740538151194,0.00023557318490929902,0.15223562730482723
ronin_bridge_2022__hnc003,1,ronin_bridge_2022,0,0.0008873772892660263,4.5497228511283665e-08,9.60095439950237e-06,0.0
ronin_bridge_2022__hnc003,2,ronin_bridge_2022,0,0.002905629531606978,0.007689531136215605,9.930857049766928e-05,0.035793637176956355
ronin_bridge_2022__hnc004,1,ronin_bridge_2022,0,0.0008538093361832223,4.5497228511283665e-08,8.899241038307082e-06,0.0
ronin_bridge_2022__hnc005,1,ronin_bridge_2022,0,0.0008873772892660263,4.5497228511283665e-08,9.60095439950237e-06,0.0
ronin_bridge_2022__hnc005,2,ronin_bridge_2022,0,0.0030976533517259475,0.0025831270528214427,0.00011266741785220802,0.014051015212535127
ronin_bridge_2022__hnc006,1,ronin_bridge_2022,0,0.001026843340668728,4.5497228511283665e-08,1.2796684131899383e-05,0.0
ronin_bridge_2022__hnc006,2,ronin_bridge_2022,0,0.002905629531606978,0.008005448011261802,9.930857049766928e-05,0.03703738403956908
ronin_bridge_2022__hnc006,3,ronin_bridge_2022,0,0.004774861999419716,0.0048151161984000225,0.000264680857071653,0.02401056227668996
ronin_bridge_2022__hnc007,1,ronin_bridge_2022,0,0.0047793442589512914,0.0004768799210430262,0.00026517186779528856,0.0032412067099567097
ronin_bridge_2022__hnc008,1,ronin_bridge_2022,0,0.0018990753185226844,0.0007096880711105792,4.2948588088620454e-05,0.0045817550505050505
ronin_bridge_2022__hnc009,1,ronin_bridge_2022,0,0.0008873772892660263,4.5497228511283665e-08,9.60095439950237e-06,0.0
ronin_bridge_2022__hnc009,2,ronin_bridge_2022,0,0.0015444357443113387,0.010440285716767432,2.8583694074768573e-05,0.04635438446811216
wooppv2_2024__hnc000,1,wooppv2_2024,0,0.003872392829307511,7.850519485175194e-05,5.2789022447541356e-05,0.0005263157894736842
wooppv2_2024__hnc001,1,wooppv2_2024,0,0.002579476256859813,6.699658296430453e-08,2.0225155822117813e-05,0.0
wooppv2_2024__hnc002,1,wooppv2_2024,0,0.00327765789610232,6.699658296430453e-08,3.560259938240051e-05,0.0
wooppv2_2024__hnc002,2,wooppv2_2024,0,0.0047143147733334535,0.018203800198172988,8.404451364185661e-05,0.06278679136244464
wooppv2_2024__hnc003,2,wooppv2_2024,0,0.0043700905292971305,0.024059617252802423,7.025098602753133e-05,0.07939984996448778
wooppv2_2024__hnc003,3,wooppv2_2024,0,0.004387417633500035,0.024968103998989032,7.091125735314563e-05,0.08189793108010993
wooppv2_2024__hnc003,5,wooppv2_2024,0,0.0038678679933213536,0.019639535478694632,5.264338687993586e-05,0.06694781271361269
wooppv2_2024__hnc003,6,wooppv2_2024,0,0.0040933172836565964,0.019319634135505054,6.0184775065863505e-05,0.06602595560102438
wooppv2_2024__hnc004,1,wooppv2_2024,0,0.003872392829307511,7.850519485175194e-05,5.2789022447541356e-05,0.0005263157894736842
wooppv2_2024__hnc005,1,wooppv2_2024,0,0.004515521151526733,0.00021856696631544398,7.590417953906581e-05,0.001304093567251462
wooppv2_2024__hnc006,1,wooppv2_2024,0,0.002579476256859813,6.699658296430453e-08,2.0225155822117813e-05,0.0
wooppv2_2024__hnc007,1,wooppv2_2024,0,0.00327765789610232,6.699658296430453e-08,3.560259938240051e-05,0.0
wooppv2_2024__hnc007,2,wooppv2_2024,0,0.003565420320701825,0.012788723614559998,4.3431173253338784e-05,0.046479824215094945
wooppv2_2024__hnc007,3,wooppv2_2024,0,0.00400560031121923,0.019700946492612795,5.7181161537300795e-05,0.06712444197864878
wooppv2_2024__hnc008,1,wooppv2_2024,0,0.002579476256859813,6.699658296430453e-08,2.0225155822117813e-05,0.0
wooppv2_2024__hnc009,1,wooppv2_2024,0,0.002579476256859813,6.699658296430453e-08,2.0225155822117813e-05,0.0
xkingdom_2024__hnc000,1,xkingdom_2024,0,0.0038496283701720748,6.656288490635111e-05,2.8116308385506272e-05,0.00012032085561497325
xkingdom_2024__hnc000,2,xkingdom_2024,0,0.004279603728698235,0.0069846020170843985,3.633269079728052e-05,0.01698377124271325
xkingdom_2024__hnc001,1,xkingdom_2024,0,0.00398324233590774,6.656288490635111e-05,3.053730324609205e-05,0.00012032085561497325
xkingdom_2024__hnc001,2,xkingdom_2024,0,0.005448993995501239,0.02570333293541655,6.523928459500894e-05,0.06602275037774706
xkingdom_2024__hnc001,3,xkingdom_2024,0,0.00543372573183559,0.02428957058254113,6.47969645797275e-05,0.06231021905345831
xkingdom_2024__hnc002,1,xkingdom_2024,0,0.0038496283701720748,6.656288490635111e-05,2.8116308385506272e-05,0.00012032085561497325
xkingdom_2024__hnc002,2,xkingdom_2024,0,0.004279603728698235,0.0069846020170843985,3.633269079728052e-05,0.01698377124271325
xkingdom_2024__hnc003,1,xkingdom_2024,0,0.00398324233590774,6.656288490635111e-05,3.053730324609205e-05,0.00012032085561497325
xkingdom_2024__hnc003,2,xkingdom_2024,0,0.005448993995501239,0.02570333293541655,6.523928459500894e-05,0.06602275037774706
xkingdom_2024__hnc003,3,xkingdom_2024,0,0.00543372573183559,0.017520995352243225,6.47969645797275e-05,0.04449771905345831
xkingdom_2024__hnc004,1,xkingdom_2024,0,0.002719861056934679,6.656288490635111e-05,1.2132639312767424e-05,0.00012032085561497325
xkingdom_2024__hnc005,1,xkingdom_2024,0,0.0038496283701720748,6.656288490635111e-05,2.8116308385506272e-05,0.00012032085561497325
xkingdom_2024__hnc005,2,xkingdom_2024,0,0.004279603728698235,0.0069846020170843985,3.633269079728052e-05,0.01698377124271325
xkingdom_2024__hnc006,1,xkingdom_2024,0,0.004843343655148786,0.00036226212479099754,4.903220906271599e-05,0.0007318316469818797
xkingdom_2024__hnc006,2,xkingdom_2024,0,0.006579442777131281,0.027662089454683136,0.00010306643525836989,0.07115813677050306
xkingdom_2024__hnc007,1,xkingdom_2024,0,0.004843343655148786,0.00036226212479099754,4.903220906271599e-05,0.0007318316469818797
xkingdom_2024__hnc007,2,xkingdom_2024,0,0.006579442777131281,0.027662089454683136,0.00010306643525836989,0.07115813677050306
xkingdom_2024__hnc008,1,xkingdom_2024,0,0.004843343655148786,0.00036226212479099754,4.903220906271599e-05,0.0007318316469818797
xkingdom_2024__hnc008,2,xkingdom_2024,0,0.006579442777131281,0.027662089454683136,0.00010306643525836989,0.07115813677050306
xkingdom_2024__hnc009,1,xkingdom_2024,0,0.004843343655148786,0.00036226212479099754,4.903220906271599e-05,0.0007318316469818797
xkingdom_2024__hnc009,2,xkingdom_2024,0,0.006579442777131281,0.027662089454683136,0.00010306643525836989,0.07115813677050306
bsc_token_hub_2022__hnc000,1,bsc_token_hub_2022,0,0.0034397499832587086,4.912784231194737e-07,1.8746115529211238e-05,0.0
bsc_token_hub_2022__hnc000,2,bsc_token_hub_2022,0,0.007113712836337221,0.005860779597422986,0.00011304298823233694,0.015922709483893113
bsc_token_hub_2022__hnc000,3,bsc_token_hub_2022,0,0.011064182652143723,0.003359357705445166,0.0003383504808880389,0.009006211180124225
bsc_token_hub_2022__hnc001,1,bsc_token_hub_2022,0,0.0034397499832587086,4.912784231194737e-07,1.8746115529211238e-05,0.0
bsc_token_hub_2022__hnc001,2,bsc_token_hub_2022,0,0.008607285000533002,0.011584098719398,0.00018132988770958036,0.03183093556143559
bsc_token_hub_2022__hnc001,3,bsc_token_hub_2022,0,0.0025389023930362377,0.007428779819923917,8.860752132022753e-06,0.020278520969185525
bsc_token_hub_2022__hnc002,1,bsc_token_hub_2022,0,0.009560242866800529,0.010382116768842597,0.0002353284799028188,0.02849115438377243
bsc_token_hub_2022__hnc002,2,bsc_token_hub_2022,0,0.024895475674345555,0.07567264997873586,0.0025704035069793463,0.1963458442298516
bsc_token_hub_2022__hnc002,3,bsc_token_hub_2022,0,0.02266376618722374,0.1166288457038041,0.0020297302398830652,0.28573626149600706
bsc_token_hub_2022__hnc002,4,bsc_token_hub_2022,0,0.031479875309519,0.062344523221016884,0.004646029323339462,0.1646581622636389
bsc_token_hub_2022__hnc003,1,bsc_token_hub_2022,0,0.004120843582633002,0.005503234849284232,2.9287230063346215e-05,0.01493090226305952
bsc_token_hub_2022__hnc003,2,bsc_token_hub_2022,0,0.006965339085309389,0.02919854759997499,0.00010729112545959651,0.07998801820315048
bsc_token_hub_2022__hnc003,3,bsc_token_hub_2022,0,0.006783367137230999,0.057783089579604124,0.00010048099647974595,0.15350459384547122
bsc_token_hub_2022__hnc004,1,bsc_token_hub_2022,0,0.0026937690011298726,4.912784231194737e-07,1.0254238986817654e-05,0.0
bsc_token_hub_2022__hnc005,1,bsc_token_hub_2022,0,0.0031246655273301,0.0018083564244724243,1.478833110013511e-05,0.004766154260150022
bsc_token_hub_2022__hnc006,2,bsc_token_hub_2022,0,0.015917660240687338,0.022080923207588338,0.0008376281475648284,0.06074835856391142
bsc_token_hub_2022__hnc006,3,bsc_token_hub_2022,0,0.01672950229635226,0.017763673565763884,0.0009485033806413412,0.048921941434076806
bsc_token_hub_2022__hnc006,5,bsc_token_hub_2022,0,0.02108264711492347,0.01030840779409198,0.001692715915851295,0.028286256249754945
bsc_token_hub_2022__hnc006,7,bsc_token_hub_2022,0,0.012385859615909947,0.00999809339352763,0.0004480479401536286,0.027423543945465662
bsc_token_hub_2022__hnc006,10,bsc_token_hub_2022,0,0.00697071392227505,0.00023940653062271908,0.00010749635112006217,0.0005931836091410559
bsc_token_hub_2022__hnc006,19,bsc_token_hub_2022,0,0.009171741532569838,0.000761718799782279,0.00021229323465377092,0.001956521739130435
bsc_token_hub_2022__hnc006,28,bsc_token_hub_2022,0,0.003698759338184766,0.000761718799782279,2.2426516807172447e-05,0.001956521739130435
bsc_token_hub_2022__hnc006,37,bsc_token_hub_2022,0,0.006237755401365762,0.004429066786896703,8.164036989910528e-05,0.011956521739130435
bsc_token_hub_2022__hnc007,1,bsc_token_hub_2022,0,0.00795759914234918,0.006607701684998776,0.00014925291179679334,0.017996595693716456
bsc_token_hub_2022__hnc007,2,bsc_token_hub_2022,0,0.014227217850540872,0.13132605030903485,0.0006329058087430894,0.3150945146140719
bsc_token_hub_2022__hnc008,1,bsc_token_hub_2022,0,0.0032292507931303955,4.912784231194737e-07,1.604021235834807e-05,0.0
bsc_token_hub_2022__hnc008,2,bsc_token_hub_2022,0,0.003004159979158953,0.007366583722334773,1.3420411050901748e-05,0.020105611579206883
bsc_token_hub_2022__hnc009,1,bsc_token_hub_2022,0,0.026615922361436367,0.02476139728478212,0.0030414911452680826,0.06803369709171561
bsc_token_hub_2022__hnc009,2,bsc_token_hub_2022,0,0.03977473171213839,0.024224738065000737,0.00840509682893753,0.06657882282126117
bsc_token_hub_2022__hnc009,3,bsc_token_hub_2022,0,0.012235036663897752,0.005405106095972071,0.0004345859633758664,0.014658829676071057
bsc_token_hub_2022__hnc009,4,bsc_token_hub_2022,0,0.007866189353484945,0.005384610647872839,0.00014503762940876186,0.014602011494252873
utopiasphere_2024__hnc000,1,utopiasphere_2024,0,0.002511627143813535,0.00044698721670474376,3.0207313102437183e-05,0.0018235294117647058
utopiasphere_2024__hnc000,2,utopiasphere_2024,0,0.006432413544024107,0.019797258154084237,0.00023190942010842264,0.0672084548931601
utopiasphere_2024__hnc000,3,utopiasphere_2024,0,0.0029466291334669485,0.0030708781989815565,4.268315024091862e-05,0.011612554112554114
utopiasphere_2024__hnc001,2,utopiasphere_2024,0,0.003277512734625282,0.0200183553748398,5.374396641855128e-05,0.06789683753044713
utopiasphere_2024__hnc001,3,utopiasphere_2024,0,0.003789388494583022,0.024813649262719943,7.359463779721409e-05,0.08259362051809209
utopiasphere_2024__hnc001,4,utopiasphere_2024,0,0.024524728748685946,0.08400906820960928,0.004319119267165661,0.23666073215312575
utopiasphere_2024__hnc001,5,utopiasphere_2024,0,0.011580996185911893,0.02120844807090046,0.0008340004133060575,0.07158545148940551
utopiasphere_2024__hnc002,1,utopiasphere_2024,0,0.001643299161076135,7.580200163575811e-06,1.2067350326105952e-05,3.579952267303103e-05
utopiasphere_2024__hnc002,2,utopiasphere_2024,0,0.002859212447548632,0.014436417726400183,3.998925967607647e-05,0.05020179446275596
utopiasphere_2024__hnc003,1,utopiasphere_2024,0,0.001643299161076135,7.580200163575811e-06,1.2067350326105952e-05,3.579952267303103e-05
utopiasphere_2024__hnc003,2,utopiasphere_2024,0,0.00257185696839686,0.012898173523535882,3.179678969900124e-05,0.04520179446275595
utopiasphere_2024__hnc004,1,utopiasphere_2024,0,0.001643299161076135,7.580200163575811e-06,1.2067350326105952e-05,3.579952267303103e-05
utopiasphere_2024__hnc004,2,utopiasphere_2024,0,0.0024245621138632087,0.010901300380790305,2.79871001112042e-05,0.038622490328096316
utopiasphere_2024__hnc005,1,utopiasphere_2024,0,0.0015911677171128633,7.580200163575811e-06,1.1254905075475108e-05,3.579952267303103e-05
utopiasphere_2024__hnc006,1,utopiasphere_2024,0,0.002103029378558745,7.580200163575811e-06,2.057240817521233e-05,3.579952267303103e-05
utopiasphere_2024__hnc007,1,utopiasphere_2024,0,0.0012985528012142273,7.580200163575811e-06,7.253725016198587e-06,3.579952267303103e-05
utopiasphere_2024__hnc008,1,utopiasphere_2024,0,0.0015911677171128633,7.580200163575811e-06,1.1254905075475108e-05,3.579952267303103e-05
utopiasphere_2024__hnc009,1,utopiasphere_2024,0,0.0015528305847813562,7.580200163575811e-06,1.0676840247469954e-05,3.579952267303103e-05
qbridge_qubit_2022__hnc000,2,qbridge_qubit_2022,0,0.034096621003198074,0.0590311841712462,0.006001945585012436,0.16249698319822012
qbridge_qubit_2022__hnc000,3,qbridge_qubit_2022,0,0.014066556332471239,0.03285989304304006,0.0007550119771622121,0.09791830088690917
qbridge_qubit_2022__hnc000,5,qbridge_qubit_2022,0,0.04839119935719793,0.023772568338649207,0.013759095221757889,0.07337095798950112
qbridge_qubit_2022__hnc000,7,qbridge_qubit_2022,0,0.012596318257382453,0.010227545496703948,0.0005841842503286898,0.03396380876617544
qbridge_qubit_2022__hnc000,109,qbridge_qubit_2022,0,0.008322838553895638,0.0005431961345933906,0.00022362031450029463,0.0021562659846547315
qbridge_qubit_2022__hnc000,217,qbridge_qubit_2022,0,0.0037072890509592077,0.00046613020614556756,3.4610580769367516e-05,0.001865789794178541
qbridge_qubit_2022__hnc000,326,qbridge_qubit_2022,0,0.003560109529067076,0.0002554681382092835,3.152832869091071e-05,0.0010562659846547315
qbridge_qubit_2022__hnc000,434,qbridge_qubit_2022,0,0.00312705949230871,0.00046613020614556756,2.3390830392600037e-05,0.001865789794178541
qbridge_qubit_2022__hnc001,2,qbridge_qubit_2022,0,0.01431872543243769,0.0055589747630252016,0.0007868614047765732,0.01926934300840464
qbridge_qubit_2022__hnc001,3,qbridge_qubit_2022,0,0.020765531819124574,0.005250797769938263,0.0018721349770203233,0.01826934300840464
qbridge_qubit_2022__hnc001,5,qbridge_qubit_2022,0,0.0176528006749056,0.0069410807100113,0.0012812188360840082,0.023702950222538745
qbridge_qubit_2022__hnc001,7,qbridge_qubit_2022,0,0.019511928825485116,0.029923875628135532,0.0016185682034119964,0.09012681648396807
qbridge_qubit_2022__hnc001,162,qbridge_qubit_2022,0,0.02030401824240153,0.0136573240102067,0.0017762967618182302,0.0443311099761963
qbridge_qubit_2022__hnc001,324,qbridge_qubit_2022,0,0.007014515796048554,0.007562129246714718,0.00015060185978654772,0.025670357405958476
qbridge_qubit_2022__hnc001,486,qbridge_qubit_2022,0,0.005522648833505882,0.0029881070435279844,8.671792602399364e-05,0.010769992789598297
qbridge_qubit_2022__hnc001,647,qbridge_qubit_2022,0,0.00541169397652861,0.006088181866261568,8.275188883999363e-05,0.020976498637551515
qbridge_qubit_2022__hnc002,2,qbridge_qubit_2022,0,0.1531032044493563,0.47954518901615895,0.20386576652526855,0.7119913100517921
qbridge_qubit_2022__hnc002,3,qbridge_qubit_2022,0,0.14774830663409744,0.4617268027217946,0.18870531022548676,0.6979027741662559
qbridge_qubit_2022__hnc002,5,qbridge_qubit_2022,0,0.2710270696583774,0.47651903674523255,0.5724672675132751,0.7096301695708425
qbridge_qubit_2022__hnc002,7,qbridge_qubit_2022,0,0.2813113487390956,0.6019407076944177,0.6010795831680298,0.7980724718053572
qbridge_qubit_2022__hnc002,19,qbridge_qubit_2022,0,0.09736118617996845,0.1127546384037125,0.07262180745601654,0.27464693352355796
qbridge_qubit_2022__hnc002,38,qbridge_qubit_2022,0,0.0316948616216252,0.06840842878739832,0.005051900167018175,0.18382441741372196
qbridge_qubit_2022__hnc002,57,qbridge_qubit_2022,0,0.016893196950405375,0.00519873743487686,0.001156336278654635,0.018099969036442093
qbridge_qubit_2022__hnc002,76,qbridge_qubit_2022,0,0.011061069380198647,0.006624710945074034,0.00043208413990214467,0.022695047296565015
qbridge_qubit_2022__hnc003,2,qbridge_qubit_2022,0,0.07681580405191704,0.06331751064470566,0.041388001292943954,0.17235139883207906
qbridge_qubit_2022__hnc003,3,qbridge_qubit_2022,0,0.028682843599130262,0.03683623562374855,0.003993285354226828,0.10827503912375941
qbridge_qubit_2022__hnc003,5,qbridge_qubit_2022,0,0.022859491290525117,0.012441209717765835,0.0023441570810973644,0.04069046571810185
qbridge_qubit_2022__hnc003,7,qbridge_qubit_2022,0,0.013253588437336112,0.011389983153945564,0.0006574458675459027,0.037512830911265366
qbridge_qubit_2022__hnc003,122,qbridge_qubit_2022,0,0.005498058169195214,0.0003802746461557865,8.582982991356403e-05,0.001538992408557626
qbridge_qubit_2022__hnc003,243,qbridge_qubit_2022,0,0.009694090514178416,0.0003828663724747194,0.0003182780055794865,0.001548913043478261
qbridge_qubit_2022__hnc003,364,qbridge_qubit_2022,0,0.0023337812468290113,0.0003828663724747194,1.1932189408980776e-05,0.001548913043478261
qbridge_qubit_2022__hnc003,485,qbridge_qubit_2022,0,0.0041210235820106095,0.0003183790347175613,4.4160507968626916e-05,0.0013008971704623878
qbridge_qubit_2022__hnc004,1,qbridge_qubit_2022,0,0.0023360597380802255,0.0011555040892119966,1.1958994036831427e-05,0.004399977718360071
qbridge_qubit_2022__hnc005,2,qbridge_qubit_2022,0,0.02516002820411913,0.05527087468355661,0.0029350733384490013,0.1536987774506363
qbridge_qubit_2022__hnc005,3,qbridge_qubit_2022,0,0.007126025842825327,0.0006644362264579078,0.00015619043551851064,0.002608695652173913
qbridge_qubit_2022__hnc005,4,qbridge_qubit_2022,0,0.0065753090871080834,0.0008827977653706903,0.00012971021351404488,0.0034122670807453415
qbridge_qubit_2022__hnc005,5,qbridge_qubit_2022,0,0.005595614645563658,0.00019136708430204967,8.93837641342543e-05,0.0008035714285714287
qbridge_qubit_2022__hnc005,6,qbridge_qubit_2022,0,0.005661651870027908,0.00019136708430204967,9.183611837215722e-05,0.0008035714285714287
qbridge_qubit_2022__hnc005,7,qbridge_qubit_2022,0,0.006157385149023163,0.00019136708430204967,0.00011146352335345,0.0008035714285714287
qbridge_qubit_2022__hnc005,8,qbridge_qubit_2022,0,0.006157385149023163,0.0007455783593208209,0.00011146352335345,0.002908834586466165
qbridge_qubit_2022__hnc006,1,qbridge_qubit_2022,0,0.0063964605371051265,0.001657970686117911,0.00012170878471806645,0.006185692004074358
qbridge_qubit_2022__hnc006,2,qbridge_qubit_2022,0,0.008314241647291757,0.0743943057578226,0.00022308641928248107,0.19700849495457046
qbridge_qubit_2022__hnc007,1,qbridge_qubit_2022,0,0.0030102945060898295,1.637952455819221e-07,2.1429554180940613e-05,0.0
qbridge_qubit_2022__hnc007,2,qbridge_qubit_2022,0,0.004090816958461224,0.013350949255481213,4.341842213761993e-05,0.04341738560425621
qbridge_qubit_2022__hnc008,2,qbridge_qubit_2022,0,0.014921229609206613,0.0295915288553249,0.0008660436724312603,0.0892367820749728
qbridge_qubit_2022__hnc008,3,qbridge_qubit_2022,0,0.00787042443204125,0.01879324918260044,0.00019650821923278272,0.059331797748315325
qbridge_qubit_2022__hnc008,5,qbridge_qubit_2022,0,0.005214588227498949,0.012007860805916974,7.596551586175337e-05,0.039384083718608395
qbridge_qubit_2022__hnc008,7,qbridge_qubit_2022,0,0.012165025387783976,0.09846716751513498,0.0005387928104028106,0.2470095449791595
qbridge_qubit_2022__hnc008,45,qbridge_qubit_2022,0,0.011231500087974433,0.007880535654420952,0.00044768056250177324,0.02667353950910029
qbridge_qubit_2022__hnc008,89,qbridge_qubit_2022,0,0.008774808815811861,0.0013790628846668792,0.0002527213073335588,0.005199277659838439
qbridge_qubit_2022__hnc008,133,qbridge_qubit_2022,0,0.004317100753736538,0.00038668285810210967,4.915200770483352e-05,0.001563515097393537
qbridge_qubit_2022__hnc008,177,qbridge_qubit_2022,0,0.007931035015814245,0.00019847843272772795,0.00020002473320346326,0.0008318077803203661
qbridge_qubit_2022__hnc009,2,qbridge_qubit_2022,0,0.033843052591937685,0.04595270078231418,0.0058971066027879715,0.13123956889732524
qbridge_qubit_2022__hnc009,3,qbridge_qubit_2022,0,0.032547998493180234,0.04385175264125079,0.005378424655646086,0.1260385221495664
qbridge_qubit_2022__hnc009,5,qbridge_qubit_2022,0,0.026167288472403773,0.04188168746446598,0.003218371421098709,0.12111297521168787
qbridge_qubit_2022__hnc009,7,qbridge_qubit_2022,0,0.03424565912031941,0.03274978811149526,0.006064071319997311,0.09762837487033135
qbridge_qubit_2022__hnc009,163,qbridge_qubit_2022,0,0.004157573127064848,0.0003828663724747194,4.506796904024668e-05,0.001548913043478261
qbridge_qubit_2022__hnc009,325,qbridge_qubit_2022,0,0.0032330248270379417,0.0003828663724747194,2.525541276554577e-05,0.001548913043478261
qbridge_qubit_2022__hnc009,487,qbridge_qubit_2022,0,0.0048652980594970415,0.0003828663724747194,6.474286055890843e-05,0.001548913043478261
qbridge_qubit_2022__hnc009,649,qbridge_qubit_2022,0,0.005364329563238866,0.0003828663724747194,8.109095506370068e-05,0.001548913043478261
wault_finance_2021__hnc000,1,wault_finance_2021,0,0.00355530419821572,3.684258704932785e-07,3.168980765622109e-05,0.0
wault_finance_2021__hnc000,2,wault_finance_2021,0,0.0033654616092685433,0.011031594147646435,2.7855747248395346e-05,0.03215419837057467
wault_finance_2021__hnc001,2,wault_finance_2021,0,0.0486035651877721,0.021966298062313875,0.01588381454348564,0.06306976149488705
wault_finance_2021__hnc001,3,wault_finance_2021,0,0.07009680381181693,0.06379209611541964,0.03859146684408188,0.1710004295106927
wault_finance_2021__hnc001,5,wault_finance_2021,0,0.02851951694312555,0.050336919428373414,0.004390733316540718,0.13800328572811643
wault_finance_2021__hnc001,7,wault_finance_2021,0,0.06872911831112456,0.06838498197841812,0.03679317608475685,0.18191275078293287
wault_finance_2021__hnc001,135,wault_finance_2021,0,0.019811843202824603,0.02491505698717784,0.0018367208540439606,0.07121166800776389
wault_finance_2021__hnc001,270,wault_finance_2021,0,0.005315326618763239,0.00445680106249805,8.160527067957446e-05,0.0130516429608368
wault_finance_2021__hnc001,405,wault_finance_2021,0,0.005015763555660431,0.005887605172672762,7.118966459529474e-05,0.01723667478354978
wault_finance_2021__hnc001,540,wault_finance_2021,0,0.0037688348754511616,0.008921699422199315,3.6346031265566126e-05,0.02606205230457948
wault_finance_2021__hnc002,2,wault_finance_2021,0,0.023622884361618003,0.016882572521989766,0.002795944921672344,0.048837114202854075
wault_finance_2021__hnc002,3,wault_finance_2021,0,0.007319115419206857,0.008481741819830755,0.0001734154502628371,0.02478689851758456
wault_finance_2021__hnc002,4,wault_finance_2021,0,0.012591355303666495,0.012649687474526083,0.0006253085448406637,0.036799522998098945
wault_finance_2021__hnc002,5,wault_finance_2021,0,0.00897360055105841,0.004090232623761456,0.0002805536787491292,0.011977483926059877
wault_finance_2021__hnc002,6,wault_finance_2021,0,0.006258095011884064,0.0039007352739302385,0.00011987705511273816,0.011421928370504321
wault_finance_2021__hnc002,7,wault_finance_2021,0,0.010309341592081654,0.0023601485219870632,0.0003894698165822774,0.006900384202112325
wault_finance_2021__hnc003,2,wault_finance_2021,0,0.005807363299051575,0.022721507074505008,0.00010052115248981863,0.06516294715113578
wault_finance_2021__hnc003,3,wault_finance_2021,0,0.006523716993897654,0.03790426800463941,0.00013221509288996458,0.10608921653527262
wault_finance_2021__hnc003,5,wault_finance_2021,0,0.003982755322229335,0.029533475877417576,4.138320218771696e-05,0.08379618178200315
wault_finance_2021__hnc003,6,wault_finance_2021,0,0.005963582339495249,0.042538760199735265,0.00010700707935029641,0.11815037230743414
wault_finance_2021__hnc004,1,wault_finance_2021,0,0.002646895918858455,0.00035144371263898293,1.584555684530642e-05,0.0010139860139860139
wault_finance_2021__hnc005,1,wault_finance_2021,0,0.0036748144717122233,3.684258704932785e-07,3.425051909289323e-05,0.0
wault_finance_2021__hnc005,2,wault_finance_2021,0,0.005468361474630238,0.029814778321057167,8.72452073963359e-05,0.08455610569422399
wault_finance_2021__hnc005,3,wault_finance_2021,0,0.007814808158648273,0.010064296203861458,0.00020241065067239106,0.02936602038693572
wault_finance_2021__hnc006,2,wault_finance_2021,0,0.008665517593566523,0.03507557907273907,0.000258331565419212,0.09862964547903035
wault_finance_2021__hnc006,3,wault_finance_2021,0,0.009586764449121151,0.01825440093398059,0.00032798212487250566,0.05270209177073476
wault_finance_2021__hnc006,5,wault_finance_2021,0,0.01749853578750562,0.011273178368214046,0.0013663657009601593,0.03284925395336822
wault_finance_2021__hnc006,7,wault_finance_2021,0,0.01161887102837642,0.010417361620151023,0.0005168773932382464,0.030384666852705168
wault_finance_2021__hnc006,9,wault_finance_2021,0,0.008640300539846473,0.007611410141585562,0.00025655963690951467,0.022259666852705168
wault_finance_2021__hnc006,13,wault_finance_2021,0,0.006142331400580169,0.0036164734755140763,0.00011471745528979227,0.010588235294117647
wault_finance_2021__hnc006,17,wault_finance_2021,0,0.005774247612733534,0.0002048161996258165,9.917627176037058e-05,0.000588235294117647
wault_finance_2021__hnc007,2,wault_finance_2021,0,0.014598959868965108,0.01663641142293188,0.0008882119436748326,0.04814168872880845
wault_finance_2021__hnc007,3,wault_finance_2021,0,0.007867387581868845,0.02072050918722827,0.00020563924044836313,0.05960488471544219
wault_finance_2021__hnc007,5,wault_finance_2021,0,0.008339525299654954,0.029587310109625457,0.00023596770188305527,0.08394167048042879
wault_finance_2021__hnc007,7,wault_finance_2021,0,0.004181576595341242,0.023255528048738174,4.640570841729641e-05,0.0666397673304384
wault_finance_2021__hnc007,10,wault_finance_2021,0,0.004975581816019205,0.005530555353166238,6.985471554799005e-05,0.016193562824764106
wault_finance_2021__hnc007,15,wault_finance_2021,0,0.0036029103512696115,0.00019004316351732716,3.269612352596596e-05,0.0005454545454545455
wault_finance_2021__hnc007,19,wault_finance_2021,0,0.003833378585785829,0.00019004316351732716,3.782621570280753e-05,0.0005454545454545455
wault_finance_2021__hnc008,1,wault_finance_2021,0,0.00355530419821572,3.684258704932785e-07,3.168980765622109e-05,0.0
wault_finance_2021__hnc008,2,wault_finance_2021,0,0.016954823274898837,0.13729898796460768,0.001267486484721303,0.32681659592413304
wault_finance_2021__hnc009,2,wault_finance_2021,0,0.01066100291623152,0.03505463155522615,0.0004216345841996372,0.09857412515296145
wault_finance_2021__hnc009,3,wault_finance_2021,0,0.011569060211407321,0.02589321364014397,0.0005116452230140567,0.07389404771120367
wault_finance_2021__hnc009,5,wault_finance_2021,0,0.006900055181746035,0.00268066685583396,0.00015090417582541704,0.007841578171730564
wault_finance_2021__hnc009,7,wault_finance_2021,0,0.0050201450163735555,0.0002566046260933777,7.133610779419541e-05,0.0007383966244725738
wault_finance_2021__hnc009,10,wault_finance_2021,0,0.004778472560584436,0.00019004316351732716,6.351631600409746e-05,0.0005454545454545455
wault_finance_2021__hnc009,15,wault_finance_2021,0,0.0036029103512696115,0.00019004316351732716,3.269612352596596e-05,0.0005454545454545455
wault_finance_2021__hnc009,20,wault_finance_2021,0,0.0027270145502950333,0.00019004316351732716,1.6994868929032236e-05,0.0005454545454545455
paraluni_2022__hnc000,1,paraluni_2022,0,0.0044275640951586285,7.447249714632126e-05,5.348704144125804e-05,0.0002072538860103627
paraluni_2022__hnc000,2,paraluni_2022,0,0.0038234643569576843,0.0007134533458925974,3.7997659092070535e-05,0.0020250828120860057
paraluni_2022__hnc000,3,paraluni_2022,0,0.005007074307656547,0.00019651635401443562,7.125765114324167e-05,0.0005517070757050965
paraluni_2022__hnc001,2,paraluni_2022,0,0.04301765096710603,0.023553010994322207,0.01136152632534504,0.06614117166867627
paraluni_2022__hnc001,3,paraluni_2022,0,0.029509583213956487,0.017331950652626993,0.00461631128564477,0.04910310087292444
paraluni_2022__hnc001,5,paraluni_2022,0,0.01802660261122677,0.017616221220941367,0.0014353017322719097,0.04988927694239347
paraluni_2022__hnc001,7,paraluni_2022,0,0.017393145590238683,0.01164088536452061,0.0013191069010645151,0.03321345276656929
paraluni_2022__hnc001,214,paraluni_2022,0,0.008005294824954103,0.0001980641094710373,0.00021324752015061677,0.0005560910953126883
paraluni_2022__hnc001,427,paraluni_2022,0,0.00462683978522589,0.0001980641094710373,5.926943777012639e-05,0.0005560910953126883
paraluni_2022__hnc001,641,paraluni_2022,0,0.004130869411795708,0.0003543615320720091,4.55014560429845e-05,0.001
paraluni_2022__hnc001,854,paraluni_2022,0,0.0039900884514168875,0.002098284724798103,4.1968894947785884e-05,0.006
paraluni_2022__hnc002,2,paraluni_2022,0,0.028752482853983796,0.11150684800597899,0.00433937506750226,0.2722874703997917
paraluni_2022__hnc002,3,paraluni_2022,0,0.03153131691600633,0.12829704788147384,0.005405782256275415,0.30528989353741154
paraluni_2022__hnc002,5,paraluni_2022,0,0.02848716001340184,0.22520934141242085,0.0042446996085345745,0.4662021482845054
paraluni_2022__hnc002,7,paraluni_2022,0,0.017658812502863382,0.1852892733864604,0.001367142889648676,0.40539859764421854
paraluni_2022__hnc002,13,paraluni_2022,0,0.004504133367226189,0.21943413826246738,5.566865002037957e-05,0.4578226060499809
paraluni_2022__hnc002,20,paraluni_2022,0,0.008803117901605713,0.22092231648721705,0.0002663473132997751,0.45999472055827423
paraluni_2022__hnc002,26,paraluni_2022,0,0.007576485008607354,0.17274472013476347,0.00018748109869193286,0.38480700486870645
paraluni_2022__hnc003,1,paraluni_2022,0,0.0030017789176512875,3.772895152794638e-07,2.162773671443574e-05,0.0
paraluni_2022__hnc004,2,paraluni_2022,0,0.014999693392686801,0.3716425758233824,0.0009305603452958167,0.6414265698474578
paraluni_2022__hnc004,3,paraluni_2022,0,0.013446560057290785,0.025671848186994736,0.0007195343496277928,0.07186398433282667
paraluni_2022__hnc004,4,paraluni_2022,0,0.02110002659735365,0.006981084684981235,0.002082233550027013,0.02
paraluni_2022__hnc004,5,paraluni_2022,0,0.0469163584886126,0.04412632582243283,0.013991286978125572,0.12
paraluni_2022__hnc005,2,paraluni_2022,0,0.04250015872865778,0.07967258519985566,0.011036545969545841,0.20459045421098257
paraluni_2022__hnc005,3,paraluni_2022,0,0.01059011621386842,0.0016870556778570168,0.00041069992585107684,0.004818092823067841
paraluni_2022__hnc005,4,paraluni_2022,0,0.02979596331080754,0.007014950524975224,0.004723699297755957,0.020096631635853228
paraluni_2022__hnc005,5,paraluni_2022,0,0.017810473294835347,0.00847801652816214,0.0013950145803391933,0.024263298302519897
paraluni_2022__hnc005,7,paraluni_2022,0,0.008018198503213413,0.004182410966878721,0.00021405259030871093,0.011988841780780768
paraluni_2022__hnc005,10,paraluni_2022,0,0.012137994463023015,0.005130243677902542,0.0005656734574586153,0.01470720720720721
paraluni_2022__hnc005,13,paraluni_2022,0,0.011903283693585188,0.015747245417096427,0.0005403212853707373,0.0447072072072072
paraluni_2022__hnc006,1,paraluni_2022,0,0.0030017789176512875,3.772895152794638e-07,2.162773671443574e-05,0.0
paraluni_2022__hnc007,2,paraluni_2022,0,0.020002105664155445,0.07738620088162093,0.0018349959282204509,0.19944964728632106
paraluni_2022__hnc007,3,paraluni_2022,0,0.008550924245586141,3.772895152794638e-07,0.0002488262834958732,0.0
paraluni_2022__hnc007,4,paraluni_2022,0,0.01591972148086284,0.010429764723463037,0.00107062968891114,0.029795918367346942
paraluni_2022__hnc007,5,paraluni_2022,0,0.01000597878911251,0.005161203634224833,0.0003595435991883278,0.01479591836734694
paraluni_2022__hnc007,6,paraluni_2022,0,0.004174676068649714,0.0011699928976403391,4.6634129830636084e-05,0.003333333333333333
paraluni_2022__hnc007,7,paraluni_2022,0,0.004358633160550388,3.772895152794638e-07,5.156568659003824e-05,0.0
paraluni_2022__hnc007,8,paraluni_2022,0,0.0047937681090391305,3.772895152794638e-07,6.437673437176272e-05,0.0
paraluni_2022__hnc008,1,paraluni_2022,0,0.0044653054767796714,0.0020403055773493763,5.4556123359361663e-05,0.005833333333333334
paraluni_2022__hnc009,2,paraluni_2022,0,0.022508615753574792,0.035248938812563906,0.002426505321636796,0.09722376041618805
paraluni_2022__hnc009,3,paraluni_2022,0,0.014935708756816386,0.024434319543110115,0.0009212414151988924,0.06852647483383183
paraluni_2022__hnc009,5,paraluni_2022,0,0.036615899859622596,0.030223141390995797,0.007724496070295572,0.08401886107209604
paraluni_2022__hnc009,7,paraluni_2022,0,0.06090279296066652,0.037397483015580366,0.026205066591501236,0.10279995137129541
paraluni_2022__hnc009,21,paraluni_2022,0,0.018590422401340873,0.08386369705595981,0.0015435611130669713,0.21391289357988102
paraluni_2022__hnc009,42,paraluni_2022,0,0.007025116691958508,0.07268731467151034,0.00015712238382548094,0.1887602500258719
paraluni_2022__hnc009,63,paraluni_2022,0,0.013344874037020268,0.019863694845530862,0.0007068062550388277,0.05607925429079305
paraluni_2022__hnc009,83,paraluni_2022,0,0.012312745741236506,0.017649277363403645,0.0005849873996339738,0.04998064962866753
